"RECORD_DATE","VALUE_CPI_ALL_URBAN","VALUE_CPI_ALL_URBAN_PCTCHG","VALUE_CPI_ALL","VALUE_CPI_MEDIAN","FISCAL_QUARTER","SURROGATE_KEY"
01-JAN-83,5.0146534,0.204918033,0.204918033,41.262863,"Q1",277
01-AUG-84,4.691308114,0.384245917,0.384245917,44.08966445,"Q3",296
01-APR-85,4.493616325,0.469924812,0.469924812,45.10225005,"Q2",304
01-FEB-86,3.170191096,-0.273722628,-0.273722628,46.11483564,"Q1",314
01-JUN-87,2.868557467,0.353669319,0.353669319,47.88686044,"Q2",330
01-OCT-88,4.272697735,0.333889816,0.333889816,50.71366189,"Q4",346
01-JUL-89,5.814260244,0.241740532,0.241740532,52.48568668,"Q3",355
01-JAN-90,5.216139935,1.030927835,1.030927835,53.75141867,"Q1",361
01-JUN-91,2.901936412,0.294985251,0.294985251,57.37985039,"Q2",378
01-JUL-91,4.442030312,0.147058824,0.147058824,57.46423252,"Q3",379
01-MAR-92,3.787065904,0.505050505,0.505050505,58.77215558,"Q1",387
01-MAR-94,2.174536386,0.340831629,0.340831629,62.10524983,"Q1",411
01-APR-95,3.658509799,0.330250991,0.330250991,64.08822996,"Q2",424
01-FEB-96,2.618960712,0.323834197,0.323834197,65.35396195,"Q1",434
01-DEC-96,2.200241216,0,0,66.91503141,"Q4",444
01-MAY-97,2.635673455,-0.062421973,-0.062421973,67.54789741,"Q2",449
01-JUN-01,3.521800315,0.16882386,0.16882386,75.10009831,"Q2",498
01-DEC-01,2.475286032,-0.394588501,-0.394588501,74.55161444,"Q4",504
01-JAN-02,2.761589672,0.226372383,0.226372383,74.72037871,"Q1",505
01-FEB-02,3.383524075,0.395256917,0.395256917,75.01571617,"Q1",506
01-MAY-02,2.420198438,0,0,75.8595375,"Q2",509
01-FEB-04,2.912654553,0.539956803,0.539956803,78.55976576,"Q1",530
01-JUL-04,1.77113696,-0.158144439,-0.158144439,79.90987988,"Q3",535
01-JUN-07,3.268031737,0.193797518,0.193797518,87.9059308,"Q2",570
01-JUN-08,4.053700895,1.007699693,1.007699693,92.32038208,"Q2",582
01-DEC-08,0.363484151,-1.034247381,-1.034247381,88.69743521,"Q4",588
01-FEB-10,-0.106627854,0.024920738,0.024920738,91.44533936,"Q1",602
01-SEP-11,2.491977079,0.151846212,0.151846212,95.72688879,"Q3",621
01-OCT-12,1.875047663,-0.038892514,-0.038892514,97.59510921,"Q4",634
01-SEP-14,1.935410985,0.075256882,0.075256882,100.4278174,"Q3",657
01-AUG-15,1.635790632,-0.141627628,-0.141627628,100.548062,"Q3",668
01-SEP-15,2.998415693,-0.155675658,-0.155675658,100.3915331,"Q3",669
01-JAN-16,2.708416591,0.165310221,0.165310221,99.95738702,"Q1",673
01-AUG-16,2.742570891,0.091843011,0.091843011,101.6167617,"Q3",680
01-SEP-16,2.498329335,0.240399586,0.240399586,101.8610479,"Q3",681
01-NOV-17,2.420392959,0.002432469,0.002432469,104.0722817,"Q4",695
01-DEC-17,2.955747189,-0.058783228,-0.058783228,104.0111047,"Q4",696
01-APR-18,2.932009148,0.397509156,0.397509156,105.7080294,"Q2",700
01-AUG-19,2.46282908,-0.005066824,-0.005066824,108.2445563,"Q3",716
01-SEP-19,3.150655203,0.078344858,0.078344858,108.3293603,"Q3",717
01-FEB-20,2.708630536,0.274061813,0.274061813,109.1390069,"Q1",722
01-AUG-20,2.235723277,0.315321052,0.315321052,109.6621761,"Q3",728
01-MAY-21,3.338473539,0.801710515,0.801710515,113.5762414,"Q2",737
01-AUG-21,4.022037671,0.206591136,0.206591136,115.4208348,"Q3",740
01-OCT-21,7.662852587,0.830811855,0.830811855,116.6958488,"Q4",742
01-NOV-21,6.245070449,0.49134275,0.49134275,117.2692254,"Q4",743
01-FEB-22,6.519554583,0.913397926,0.913397926,119.7028061,"Q1",746
01-MAY-22,7.503944114,1.1023524,1.1023524,123.3227996,"Q2",749
01-JAN-60,,-0.340136054,-0.340136054,12.36198247,"Q1",1
01-JAN-61,,0,0,12.57293781,"Q1",13
01-JUN-61,,0,0,12.57293781,"Q2",18
01-FEB-62,,0.333333333,0.333333333,12.69951101,"Q1",26
01-MAY-63,,0,0,12.86827527,"Q2",41
01-NOV-64,,0.321543408,0.321543408,13.16361274,"Q4",59
01-SEP-65,,0,0,13.332377,"Q3",69
01-DEC-66,,0,0,13.88086087,"Q4",84
01-AUG-67,,0.299401198,0.299401198,14.13400727,"Q3",92
01-OCT-67,,0.297619048,0.297619048,14.2183894,"Q4",94
01-NOV-67,,0.296735905,0.296735905,14.26058046,"Q4",95
01-MAR-68,,0.292397661,0.292397661,14.4715358,"Q1",99
01-MAY-69,,0.275482094,0.275482094,15.35754819,"Q2",113
01-OCT-69,,0.539083558,0.539083558,15.73726779,"Q4",118
01-MAY-70,,0.25974026,0.25974026,16.28575165,"Q2",125
01-DEC-70,,0.505050505,0.505050505,16.79204445,"Q4",132
01-FEB-71,,0.251256281,0.251256281,16.83423552,"Q1",134
01-APR-71,,0.25,0.25,16.91861765,"Q2",136
01-FEB-72,,0.486618005,0.486618005,17.42491045,"Q1",146
01-APR-72,,0.241545894,0.241545894,17.50929258,"Q2",148
01-SEP-72,,0.238095238,0.238095238,17.76243898,"Q3",153
01-MAY-73,,0.688073394,0.688073394,18.52187818,"Q2",161
01-JAN-75,,0.385356455,0.385356455,21.98154563,"Q1",181
01-DEC-75,,0.361663653,0.361663653,23.41604189,"Q4",192
01-JUN-76,,0.530973451,0.530973451,23.96452575,"Q2",198
01-SEP-78,,0.757575758,0.757575758,28.0570592,"Q3",225
01-OCT-78,,0.902255639,0.902255639,28.3102056,"Q4",226
01-DEC-78,,0.445103858,0.445103858,28.563352,"Q4",228
01-NOV-79,,0.930851064,0.930851064,32.02301945,"Q4",239
01-JAN-80,,1.434159061,1.434159061,32.82464971,"Q1",241
01-AUG-83,4.896990368,0.3003003,0.3003003,42.2754486,"Q3",284
01-SEP-84,4.47687654,0.4784689,0.4784689,44.30061979,"Q3",297
01-JAN-85,3.074902723,0.189933523,0.189933523,44.51157512,"Q1",301
01-MAR-87,3.798985575,0.448028674,0.448028674,47.29618551,"Q1",327
01-JUL-87,4.187814481,0.264317181,0.264317181,48.01343364,"Q3",331
01-SEP-88,5.009382069,0.672268908,0.672268908,50.54489762,"Q3",345
01-NOV-88,2.956645472,0.083194676,0.083194676,50.75585296,"Q4",347
01-MAR-90,5.25046788,0.546875,0.546875,54.29990254,"Q1",363
01-JUN-90,5.627999311,0.541795666,0.541795666,54.80619534,"Q2",366
01-MAR-91,3.655285369,0.148367953,0.148367953,56.95793973,"Q1",375
01-DEC-91,2.645996956,0.07256894,0.07256894,58.18148065,"Q4",384
01-JAN-93,3.442923848,0.493305144,0.493305144,60.16446078,"Q1",397
01-JUL-93,1.688853362,0,0,60.92389997,"Q3",403
01-AUG-93,2.528927551,0.27700831,0.27700831,61.09266424,"Q3",404
01-FEB-95,3.337634521,0.399201597,0.399201597,63.66631929,"Q1",422
01-SEP-95,3.263211954,0.196206671,0.196206671,64.63671382,"Q3",429
01-APR-96,3.133275713,0.385356455,0.385356455,65.94463688,"Q2",436
01-FEB-97,2.342949512,0.314267756,0.314267756,67.33694208,"Q1",446
01-JUN-97,2.498482647,0.124921924,0.124921924,67.63227954,"Q2",450
01-AUG-97,2.315618689,0.186915888,0.186915888,67.84323487,"Q3",452
01-NOV-98,2.193018784,0,0,69.193349,"Q4",467
01-JAN-01,4.076477832,0.632183908,0.632183908,73.87655738,"Q1",493
01-OCT-01,4.184076582,-0.336511497,-0.336511497,74.97352511,"Q4",502
01-NOV-03,1.186362412,-0.27027027,-0.27027027,77.84251763,"Q4",527
01-MAY-04,3.217494891,0.585106383,0.585106383,79.78330668,"Q2",533
01-DEC-04,1.915249726,-0.366492147,-0.366492147,80.28959948,"Q4",540
01-JAN-05,3.421759136,0.21019443,0.21019443,80.45836375,"Q1",541
01-MAR-05,1.897179395,0.782064651,0.782064651,81.55533147,"Q1",543
01-JUL-05,3.028645573,0.462724936,0.462724936,82.44134387,"Q3",547
01-MAY-07,2.353491438,0.611071867,0.611071867,87.7359008,"Q2",569
01-AUG-07,2.184572805,-0.183390223,-0.183390223,87.72239966,"Q3",572
01-MAR-09,1.908289831,0.243174846,0.243174846,89.74419556,"Q1",591
01-APR-09,1.861170199,0.249636828,0.249636828,89.96823013,"Q2",592
01-SEP-09,0.914369784,0.062548069,0.062548069,91.11962433,"Q3",597
01-APR-10,0.452616254,0.173688491,0.173688491,91.98032209,"Q2",604
01-DEC-10,1.393380281,0.171844079,0.171844079,92.47395756,"Q4",612
01-MAY-13,1.956382332,0.178040777,0.178040777,98.28197977,"Q2",641
01-NOV-13,2.605506407,-0.204242419,-0.204242419,98.3342967,"Q4",647
01-APR-14,2.214932229,0.329675445,0.329675445,100.0232051,"Q2",652
01-JUL-14,2.404903838,-0.039019396,-0.039019396,100.5202158,"Q3",655
01-DEC-15,1.834719696,-0.341709644,-0.341709644,99.79241995,"Q4",672
01-OCT-16,2.018025562,0.124674851,0.124674851,101.9880431,"Q4",682
01-NOV-16,2.458831516,-0.155546087,-0.155546087,101.8294046,"Q4",683
01-SEP-17,2.870256771,0.529490589,0.529490589,104.1355683,"Q3",693
01-MAR-18,1.961900074,0.22611259,0.22611259,105.289494,"Q1",699
01-JUL-18,2.111493914,0.006746326,0.006746326,106.324019,"Q3",703
01-SEP-18,2.333723356,0.116202518,0.116202518,106.5067063,"Q3",705
01-JAN-20,3.206975634,0.387976994,0.387976994,108.8407161,"Q1",721
01-MAY-20,2.895044266,0.001950162,0.001950162,108.1753629,"Q2",725
01-SEP-20,1.133933044,0.139274694,0.139274694,109.8149078,"Q3",729
01-OCT-20,1.838456241,0.041493776,0.041493776,109.8604741,"Q4",730
01-NOV-22,5.765770218,-0.101002644,-0.101002644,125.6074459,"Q4",755
01-FEB-23,7.880495895,0.558211051,0.558211051,126.9276043,"Q1",758
01-APR-23,4.91159508,,,,"Q2",760
01-MAY-23,4.655686343,,,,"Q2",761
01-MAR-60,,0,0,12.40417354,"Q1",3
01-MAY-60,,0,0,12.44636461,"Q2",5
01-DEC-60,,0,0,12.57293781,"Q4",12
01-OCT-61,,0,0,12.65731994,"Q4",22
01-DEC-62,,0,0,12.8260842,"Q4",36
01-DEC-63,,0.324675325,0.324675325,13.03703954,"Q4",48
01-APR-64,,0,0,13.03703954,"Q2",52
01-AUG-64,,-0.321543408,-0.321543408,13.0792306,"Q3",56
01-OCT-64,,0,0,13.12142167,"Q4",58
01-JAN-65,,0,0,13.16361274,"Q1",61
01-FEB-67,,0,0,13.88086087,"Q1",86
01-APR-68,,0.29154519,0.29154519,14.51372686,"Q2",100
01-MAY-68,,0.290697674,0.290697674,14.55591793,"Q2",101
01-JUN-68,,0.579710145,0.579710145,14.64030006,"Q2",102
01-AUG-68,,0.286532951,0.286532951,14.76687326,"Q3",104
01-SEP-68,,0.285714286,0.285714286,14.80906433,"Q3",105
01-JUL-69,,0.546448087,0.546448087,15.52631246,"Q3",115
01-DEC-72,,0.235849057,0.235849057,17.93120325,"Q4",156
01-JAN-73,,0.235294118,0.235294118,17.97339431,"Q1",157
01-SEP-73,,0.22172949,0.22172949,19.07036204,"Q3",165
01-NOV-73,,0.657894737,0.657894737,19.36569951,"Q4",167
01-MAR-74,,1.271186441,1.271186441,20.16732977,"Q1",171
01-DEC-74,,0.776699029,0.776699029,21.89716349,"Q4",180
01-FEB-76,,0.35971223,0.35971223,23.54261509,"Q1",194
01-JUL-76,,0.528169014,0.528169014,24.09109895,"Q3",199
01-JUN-78,,1.085271318,1.085271318,27.50857533,"Q2",222
01-APR-79,,1.146131805,1.146131805,29.78689292,"Q2",232
01-APR-80,,1.123595506,1.123595506,34.17476384,"Q2",244
01-APR-82,,0.423280423,0.423280423,40.03932207,"Q2",268
01-OCT-82,,0.306435138,0.306435138,41.43162727,"Q4",274
01-OCT-83,4.709706722,0.297914598,0.297914598,42.61297713,"Q4",286
01-MAY-84,3.397504804,0.290979631,0.290979631,43.62556272,"Q2",293
01-OCT-84,3.496534119,0.285714286,0.285714286,44.42719299,"Q4",298
01-NOV-84,2.60802525,0,0,44.42719299,"Q4",299
01-MAR-86,4.386848149,-0.457456542,-0.457456542,45.90388031,"Q1",315
01-NOV-86,4.605737233,0.090661831,0.090661831,46.57893738,"Q4",323
01-DEC-88,3.950079874,0.166251039,0.166251039,50.84023509,"Q4",348
01-APR-89,4.879063021,0.654129191,0.654129191,51.93720282,"Q2",352
01-JUL-92,1.77845401,0.213980029,0.213980029,59.27844838,"Q3",391
01-NOV-93,3.636064714,0.06863418,0.06863418,61.5145749,"Q4",407
01-MAY-94,2.901813347,0.067842605,0.067842605,62.23182303,"Q2",413
01-AUG-94,3.518703772,0.404312668,0.404312668,62.86468903,"Q3",416
01-JAN-95,4.186194834,0.400801603,0.400801603,63.41317289,"Q1",421
01-MAR-95,3.26457127,0.331345262,0.331345262,63.87727463,"Q1",423
01-DEC-95,2.579646739,-0.065104167,-0.065104167,64.76328702,"Q4",432
01-JAN-97,3.026179054,0.315258512,0.315258512,67.12598674,"Q1",445
01-FEB-98,2.870650942,0.185643564,0.185643564,68.3073366,"Q1",458
01-OCT-00,2.701073265,0.172711572,0.172711572,73.41245565,"Q4",490
01-APR-03,0.55303689,-0.217155266,-0.217155266,77.54718016,"Q2",520
01-JUN-03,1.123059635,0.108991826,0.108991826,77.50498909,"Q2",522
01-SEP-03,2.022265145,0.325027086,0.325027086,78.13785509,"Q3",525
01-APR-04,2.538381927,0.320170758,0.320170758,79.31920495,"Q2",532
01-AUG-04,2.873237452,0.05279831,0.05279831,79.95207095,"Q3",536
01-OCT-04,2.660501094,0.526592944,0.526592944,80.54274588,"Q4",538
01-FEB-05,3.304002291,0.576822234,0.576822234,80.92246548,"Q1",542
01-APR-05,2.096479013,0.672529747,0.672529747,82.10381534,"Q2",544
01-JUN-06,3.199830835,0.197530864,0.197530864,85.60567385,"Q2",558
01-AUG-06,4.621370397,0.196560197,0.196560197,86.02758452,"Q3",560
01-SEP-06,2.106263773,-0.490436488,-0.490436488,85.60567385,"Q3",561
01-OCT-06,3.65069704,-0.542138985,-0.542138985,85.14157212,"Q4",562
01-DEC-06,2.725546544,0.148883375,0.148883375,85.14157212,"Q4",564
01-NOV-07,3.475359353,0.593961787,0.593961787,88.67591776,"Q4",575
01-JAN-08,3.283605276,0.497057647,0.497057647,89.05690309,"Q1",577
01-MAY-08,2.46276929,0.842088603,0.842088603,91.3993511,"Q2",581
01-OCT-08,2.201710242,-1.010133328,-1.010133328,91.37445837,"Q4",586
01-JUN-10,1.264752677,-0.097626708,-0.097626708,91.96175802,"Q2",606
01-JAN-11,2.27322626,0.476323005,0.476323005,92.9144323,"Q1",613
01-JUN-11,1.926728076,-0.107096706,-0.107096706,95.23451904,"Q2",618
01-MAR-12,2.420296321,0.759455862,0.759455862,96.78293118,"Q1",627
01-JUN-12,1.922063278,-0.146639688,-0.146639688,96.8192155,"Q2",630
01-DEC-12,1.790650166,-0.269306449,-0.269306449,96.87111051,"Q4",636
01-MAR-13,1.215357912,0.261450858,0.261450858,98.20941114,"Q1",639
01-OCT-13,1.163729291,-0.257528326,-0.257528326,98.53554808,"Q4",646
01-FEB-14,2.350831346,0.369790865,0.369790865,99.05660775,"Q1",650
01-DEC-14,2.383394246,-0.567010091,-0.567010091,99.06968698,"Q4",660
01-APR-15,2.962650539,0.203287325,0.203287325,99.82364134,"Q2",664
01-NOV-15,2.2654806,-0.211068038,-0.211068038,100.1345895,"Q4",671
01-MAR-16,2.222004559,0.430600014,0.430600014,100.4704304,"Q1",675
01-JUN-18,2.632117889,0.15938757,0.15938757,106.3168465,"Q2",702
01-NOV-18,3.723763602,-0.334934852,-0.334934852,106.3375201,"Q4",707
01-JAN-19,3.230993906,0.190659667,0.190659667,106.1999772,"Q1",709
01-MAR-19,3.207144496,0.564135836,0.564135836,107.2505348,"Q1",711
01-NOV-19,3.450270196,-0.053624303,-0.053624303,108.5187982,"Q4",719
01-DEC-19,2.612330464,-0.090976953,-0.090976953,108.4200711,"Q4",720
01-FEB-21,2.810390714,0.547438279,0.547438279,110.9684115,"Q1",734
01-APR-21,2.745814944,0.821890915,0.821890915,112.6729306,"Q2",736
01-DEC-21,5.611797059,0.307251716,0.307251716,117.6295371,"Q4",744
01-APR-22,6.030320223,0.558253103,0.558253103,121.9781703,"Q2",748
01-JUL-22,6.423611019,-0.011811914,-0.011811914,125.0020041,"Q3",751
01-SEP-22,8.382964302,0.215078451,0.215078451,125.2264605,"Q3",753
01-JUL-60,,0,0,12.48855567,"Q3",7
01-FEB-61,,0,0,12.57293781,"Q1",14
01-JUL-61,,0.67114094,0.67114094,12.65731994,"Q3",19
01-SEP-61,,0.334448161,0.334448161,12.65731994,"Q3",21
01-JAN-62,,0,0,12.65731994,"Q1",25
01-JUL-62,,0.331125828,0.331125828,12.78389314,"Q3",31
01-OCT-62,,0,0,12.8260842,"Q4",34
01-FEB-64,,0,0,13.03703954,"Q1",50
01-JUN-64,,0.323624595,0.323624595,13.0792306,"Q2",54
01-SEP-64,,0.322580645,0.322580645,13.12142167,"Q3",57
01-DEC-64,,0,0,13.16361274,"Q4",60
01-OCT-65,,0.316455696,0.316455696,13.37456807,"Q4",70
01-NOV-65,,0,0,13.37456807,"Q4",71
01-APR-66,,0.62305296,0.62305296,13.62771447,"Q2",76
01-JUL-66,,0.308641975,0.308641975,13.7120966,"Q3",79
01-OCT-66,,0.611620795,0.611620795,13.88086087,"Q4",82
01-APR-67,,0.303030303,0.303030303,13.965243,"Q2",88
01-JUN-67,,0.301204819,0.301204819,14.04962513,"Q2",90
01-FEB-69,,0.561797753,0.561797753,15.10440179,"Q1",110
01-MAR-69,,0.837988827,0.837988827,15.23097499,"Q1",111
01-AUG-69,,0.543478261,0.543478261,15.61069459,"Q3",116
01-DEC-69,,0.533333333,0.533333333,15.90603206,"Q4",120
01-JAN-70,,0.265251989,0.265251989,15.94822312,"Q1",121
01-NOV-70,,0.507614213,0.507614213,16.70766232,"Q4",131
01-SEP-71,,0,0,17.21395512,"Q3",141
01-JUL-72,,0.479616307,0.479616307,17.67805685,"Q3",151
01-AUG-73,,1.805869074,1.805869074,19.02817098,"Q3",164
01-JUL-74,,0.816326531,0.816326531,20.84238683,"Q3",175
01-MAR-75,,0.380952381,0.380952381,22.23469203,"Q1",183
01-APR-75,,0.379506641,0.379506641,22.31907416,"Q2",184
01-JUL-75,,1.119402985,1.119402985,22.86755802,"Q3",187
01-APR-76,,0.357781753,0.357781753,23.66918829,"Q2",196
01-JUL-77,,0.494233937,0.494233937,25.73655054,"Q3",211
01-NOV-77,,0.487012987,0.487012987,26.11627014,"Q4",215
01-FEB-78,,0.64,0.64,26.53818081,"Q1",218
01-APR-78,,0.788643533,0.788643533,26.96009147,"Q2",220
01-JUL-79,,1.106500692,1.106500692,30.84166958,"Q3",235
01-SEP-79,,1.08401084,1.08401084,31.47453558,"Q3",237
01-SEP-80,,0.840336134,0.840336134,35.44049583,"Q3",249
01-OCT-80,,0.952380952,0.952380952,35.77802436,"Q4",250
01-OCT-81,,0.214592275,0.214592275,39.40645608,"Q4",262
01-DEC-81,,0.320170758,0.320170758,39.65960248,"Q4",264
01-MAY-82,,0.948366702,0.948366702,40.41904167,"Q2",269
01-NOV-82,,-0.203665988,-0.203665988,41.34724513,"Q4",275
01-APR-83,4.828054152,0.715015322,0.715015322,41.60039153,"Q2",280
01-MAR-84,3.923226163,0.1953125,0.1953125,43.28803419,"Q1",291
01-JUN-84,4.540476405,0.290135397,0.290135397,43.75213592,"Q2",294
01-SEP-85,3.449608018,0.277777778,0.277777778,45.69292498,"Q3",309
01-NOV-85,5.392038711,0.27598896,0.27598896,45.98826245,"Q4",311
01-SEP-86,4.001443112,0.455788514,0.455788514,46.49455524,"Q3",321
01-DEC-86,3.927452734,0.09057971,0.09057971,46.62112844,"Q4",324
01-APR-88,4.737497993,0.515021459,0.515021459,49.40573883,"Q2",340
01-JUN-89,3.855001158,0.242326333,0.242326333,52.35911348,"Q2",354
01-FEB-90,4.981650393,0.470957614,0.470957614,54.00456507,"Q1",362
01-MAY-90,3.966493807,0.232738557,0.232738557,54.51085787,"Q2",365
01-JUL-90,5.302671688,0.38491147,0.38491147,55.01715067,"Q3",367
01-JAN-91,5.562784486,0.597907324,0.597907324,56.78917546,"Q1",373
01-MAY-91,4.468507632,0.295857988,0.295857988,57.21108612,"Q2",377
01-FEB-92,2.588859589,0.362056481,0.362056481,58.47681812,"Q1",386
01-MAY-92,2.802321542,0.143369176,0.143369176,58.94091985,"Q2",389
01-DEC-92,1.878013906,-0.070422535,-0.070422535,59.86912331,"Q4",396
01-APR-93,4.096520336,0.278551532,0.278551532,60.75513571,"Q2",400
01-DEC-93,2.817707471,0,0,61.5145749,"Q4",408
01-APR-94,2.514685981,0.135869565,0.135869565,62.18963197,"Q2",412
01-SEP-94,3.747093671,0.268456376,0.268456376,63.0334533,"Q3",417
01-AUG-95,2.942349451,0.262295082,0.262295082,64.51014062,"Q3",428
01-MAR-96,3.110564773,0.516462234,0.516462234,65.69149048,"Q1",435
01-SEP-98,3.16623972,0.122399021,0.122399021,69.02458473,"Q3",465
01-APR-99,2.675990382,0.727272727,0.727272727,70.12155246,"Q2",472
01-JAN-00,3.851771126,0.297088532,0.297088532,71.21852019,"Q1",481
01-JUN-00,3.142534503,0.524781341,0.524781341,72.73739858,"Q2",486
01-NOV-00,2.651774,0.057471264,0.057471264,73.45464671,"Q4",491
01-FEB-01,2.836788954,0.399771559,0.399771559,74.17189484,"Q1",494
01-MAY-01,3.501116192,0.4522329,0.4522329,74.97352511,"Q2",497
01-SEP-01,2.782507575,0.450704225,0.450704225,75.2266715,"Q3",501
01-SEP-02,2.717797898,0.166021029,0.166021029,76.3658303,"Q3",513
01-FEB-03,1.975830234,0.770500826,0.770500826,77.25184269,"Q1",518
01-NOV-04,1.480066306,0.052383447,0.052383447,80.58493695,"Q4",539
01-NOV-05,2.836911948,-0.803212851,-0.803212851,83.36954733,"Q4",551
01-MAR-06,3.082182514,0.55359839,0.55359839,84.29775079,"Q1",555
01-APR-06,2.887031617,0.850850851,0.850850851,85.01499892,"Q2",556
01-SEP-07,3.704406008,0.275590741,0.275590741,87.96415447,"Q3",573
01-MAR-08,3.040485746,0.866821293,0.866821293,90.0897404,"Q1",579
01-JAN-09,2.403640625,0.435241738,0.435241738,89.08348346,"Q1",589
01-JUL-09,0.125832513,-0.158558692,-0.158558692,90.85888354,"Q3",595
01-JUL-10,0.632305068,0.021104306,0.021104306,91.98116591,"Q3",607
01-FEB-12,1.684551913,0.440297355,0.440297355,96.05344764,"Q1",626
01-JAN-13,2.741807504,0.295730419,0.295730419,97.15758785,"Q1",637
01-NOV-14,2.256310541,-0.539941794,-0.539941794,99.63462536,"Q4",659
01-JAN-15,1.947529599,-0.470589237,-0.470589237,98.6034757,"Q1",661
01-JAN-17,3.436305775,0.582772789,0.582772789,102.4563639,"Q1",685
01-FEB-17,3.292346339,0.314611739,0.314611739,102.7787036,"Q1",686
01-JAN-18,4.170000418,0.544774545,0.544774545,104.5777307,"Q1",697
01-FEB-18,2.013279346,0.453468997,0.453468997,105.0519583,"Q1",698
01-MAY-18,2.981832551,0.415891693,0.415891693,106.1476603,"Q2",701
01-DEC-18,2.911777015,-0.319396282,-0.319396282,105.997882,"Q4",708
01-JUN-19,3.807345214,0.019914718,0.019914718,108.0694634,"Q2",714
01-JAN-21,1.52430226,0.425378349,0.425378349,110.3642355,"Q1",733
01-JUL-21,3.581045469,0.481052353,0.481052353,115.1828772,"Q3",739
01-SEP-21,5.054275017,0.271597086,0.271597086,115.7343144,"Q3",741
01-JUN-22,7.924919184,1.373607576,1.373607576,125.0167709,"Q2",750
01-NOV-60,,0,0,12.57293781,"Q4",11
01-MAR-61,,0,0,12.57293781,"Q1",15
01-MAY-61,,0,0,12.57293781,"Q2",17
01-JAN-64,,0,0,13.03703954,"Q1",49
01-MAY-65,,0,0,13.24799487,"Q2",65
01-JUL-65,,0,0,13.332377,"Q3",67
01-SEP-66,,0,0,13.79647873,"Q3",81
01-OCT-68,,0.56980057,0.56980057,14.89344646,"Q4",106
01-APR-69,,0.55401662,0.55401662,15.31535713,"Q2",112
01-APR-70,,0.785340314,0.785340314,16.24356059,"Q2",124
01-AUG-70,,0,0,16.45451592,"Q3",128
01-SEP-70,,0.512820513,0.512820513,16.53889805,"Q3",129
01-JUL-71,,0.246305419,0.246305419,17.17176405,"Q3",139
01-OCT-71,,0.245098039,0.245098039,17.25614618,"Q4",142
01-JAN-72,,0,0,17.34052832,"Q1",145
01-MAR-72,,0.242130751,0.242130751,17.46710152,"Q1",147
01-JUN-73,,0.683371298,0.683371298,18.64845138,"Q2",162
01-JUL-73,,0.226244344,0.226244344,18.69064244,"Q3",163
01-DEC-73,,0.653594771,0.653594771,19.49227271,"Q4",168
01-APR-74,,0.418410042,0.418410042,20.2517119,"Q2",172
01-FEB-75,,0.767754319,0.767754319,22.15030989,"Q1",182
01-MAR-76,,0.17921147,0.17921147,23.58480615,"Q1",195
01-FEB-79,,1.171303075,1.171303075,29.15402693,"Q1",230
01-JUN-79,,1.118881119,1.118881119,30.50414105,"Q2",234
01-OCT-79,,0.804289544,0.804289544,31.72768198,"Q4",238
01-JUL-80,,0,0,34.89201197,"Q3",247
01-JAN-81,,0.811123986,0.811123986,36.70622782,"Q1",253
01-SEP-81,,0.975081257,0.975081257,39.32207394,"Q3",261
01-FEB-82,,0.318133616,0.318133616,39.91274887,"Q1",266
01-JUN-83,2.441297751,0.302419355,0.302419355,41.98011113,"Q2",282
01-APR-84,4.47375382,0.487329435,0.487329435,43.49898952,"Q2",292
01-AUG-85,3.459635635,0.185528757,0.185528757,45.56635178,"Q3",308
01-FEB-87,3.337758064,0.35971223,0.35971223,47.08523017,"Q1",326
01-JAN-88,3.318591387,0.259965338,0.259965338,48.8150639,"Q1",337
01-FEB-88,2.90883517,0.259291271,0.259291271,48.9416371,"Q1",338
01-JUN-88,4.673037474,0.425531915,0.425531915,49.78545843,"Q2",342
01-FEB-89,5.209476425,0.412881916,0.412881916,51.30433682,"Q1",350
01-MAR-89,5.034610401,0.575657895,0.575657895,51.59967428,"Q1",351
01-MAY-89,5.388009274,0.568643379,0.568643379,52.23254028,"Q2",353
01-NOV-89,4.162523764,0.238853503,0.238853503,53.11855268,"Q4",359
01-DEC-90,5.055826119,0,0,56.45164693,"Q4",372
01-FEB-91,4.355024175,0.14858841,0.14858841,56.87355759,"Q1",374
01-JAN-92,1.732730355,0.145032632,0.145032632,58.26586279,"Q1",385
01-OCT-92,3.783837809,0.353857042,0.353857042,59.82693225,"Q4",394
01-FEB-93,2.296625869,0.350631136,0.350631136,60.37541611,"Q1",398
01-MAR-93,1.700795936,0.34940601,0.34940601,60.58637144,"Q1",399
01-OCT-93,3.699815313,0.413507926,0.413507926,61.47238384,"Q4",406
01-JAN-94,2.711771858,0.274348422,0.274348422,61.68333917,"Q1",409
01-JUL-94,2.069453081,0.27027027,0.27027027,62.61154263,"Q3",415
01-DEC-94,1.216085932,0,0,63.1600265,"Q4",420
01-NOV-95,2.669228991,-0.065061809,-0.065061809,64.80547809,"Q4",431
01-NOV-96,3.496534119,0.189513582,0.189513582,66.91503141,"Q4",443
01-MAR-98,2.443015323,0.185299568,0.185299568,68.4339098,"Q1",459
01-MAR-99,1.8426208,0.303951368,0.303951368,69.61525966,"Q1",471
01-MAY-99,1.715177476,0,0,70.12155246,"Q2",473
01-JUL-99,2.39370687,0.300842359,0.300842359,70.33250779,"Q3",475
01-AUG-99,2.361582428,0.23995201,0.23995201,70.50127206,"Q3",476
01-MAR-02,2.872621423,0.562429696,0.562429696,75.43762684,"Q1",507
01-JUN-02,2.502533199,0.055617353,0.055617353,75.90172857,"Q2",510
01-JUL-02,2.245055231,0.111172874,0.111172874,75.9861107,"Q3",511
01-OCT-02,2.313903075,0.165745856,0.165745856,76.4924035,"Q4",514
01-DEC-02,3.012614285,-0.220628792,-0.220628792,76.32363923,"Q4",516
01-AUG-03,2.357414269,0.380641653,0.380641653,77.88470869,"Q3",524
01-SEP-04,2.146634995,0.211081794,0.211081794,80.12083521,"Q3",537
01-MAY-05,3.168462352,-0.102774923,-0.102774923,82.01943321,"Q2",545
01-FEB-06,2.072020874,0.201714574,0.201714574,83.83364906,"Q1",554
01-JAN-07,2.964410263,0.305252725,0.305252725,85.40146909,"Q1",565
01-APR-08,2.241013884,0.606477839,0.606477839,90.63611471,"Q2",580
01-NOV-09,0.516016421,0.070775337,0.070775337,91.27193408,"Q4",599
01-JAN-10,0.680110846,0.341747357,0.341747357,91.42255619,"Q1",601
01-MAY-10,0.27574789,0.077519735,0.077519735,92.05162499,"Q2",605
01-FEB-11,2.816968898,0.493136503,0.493136503,93.37262728,"Q1",614
01-JUL-11,2.537031376,0.088604567,0.088604567,95.31890118,"Q3",619
01-SEP-12,2.286603743,0.446221227,0.446221227,97.63308117,"Q3",633
01-AUG-13,2.148029899,0.120293156,0.120293156,98.67520051,"Q3",644
01-MAR-14,2.858976675,0.644004413,0.644004413,99.69453668,"Q1",651
01-JUN-14,1.311364441,0.186212694,0.186212694,100.5594535,"Q2",654
01-AUG-14,1.751736915,-0.167051417,-0.167051417,100.3522954,"Q3",656
01-FEB-15,1.954494516,0.434304492,0.434304492,99.03171502,"Q1",662
01-FEB-16,2.537714401,0.082307653,0.082307653,100.0396596,"Q1",674
01-JUN-16,2.103390461,0.328436617,0.328436617,101.6880646,"Q2",678
01-MAR-20,2.966544381,-0.217645103,-0.217645103,108.9014712,"Q1",723
01-JUL-20,3.610829473,0.50582435,0.50582435,109.3174751,"Q3",727
01-MAR-21,2.356651258,0.708327313,0.708327313,111.7544311,"Q1",735
01-DEC-61,,0,0,12.65731994,"Q4",24
01-NOV-62,,0,0,12.8260842,"Q4",35
01-FEB-63,,0,0,12.8260842,"Q1",38
01-JUL-63,,0.326797386,0.326797386,12.9526574,"Q3",43
01-SEP-63,,0,0,12.9526574,"Q3",45
01-NOV-63,,0,0,12.99484847,"Q4",47
01-NOV-66,,0,0,13.88086087,"Q4",83
01-MAR-67,,0.303951368,0.303951368,13.92305193,"Q1",87
01-JUL-67,,0.3003003,0.3003003,14.0918162,"Q3",91
01-FEB-68,,0.293255132,0.293255132,14.42934473,"Q1",98
01-DEC-68,,0.282485876,0.282485876,14.97782859,"Q4",108
01-JUL-70,,0.515463918,0.515463918,16.45451592,"Q3",127
01-AUG-72,,0.238663484,0.238663484,17.72024791,"Q3",152
01-MAR-73,,0.932400932,0.932400932,18.26873178,"Q1",159
01-MAY-74,,1.25,1.25,20.5048583,"Q2",173
01-JUN-74,,0.823045267,0.823045267,20.67362257,"Q2",174
01-AUG-74,,1.214574899,1.214574899,21.09553323,"Q3",176
01-OCT-74,,0.988142292,0.988142292,21.55963496,"Q4",178
01-NOV-74,,0.782778865,0.782778865,21.72839923,"Q4",179
01-AUG-75,,0.184501845,0.184501845,22.90974909,"Q3",188
01-JUN-77,,0.663349917,0.663349917,25.60997734,"Q2",210
01-AUG-78,,0.456621005,0.456621005,27.84610387,"Q3",224
01-DEC-80,,0.935672515,0.935672515,36.41089036,"Q4",252
01-MAR-81,,0.682593857,0.682593857,37.33909382,"Q1",255
01-MAR-82,,-0.105708245,-0.105708245,39.87055781,"Q1",267
01-DEC-82,,-0.408163265,-0.408163265,41.17848087,"Q4",276
01-MAR-83,3.612260556,0,0,41.30505407,"Q1",279
01-NOV-83,4.882071736,0.198019802,0.198019802,42.69735926,"Q4",287
01-JAN-84,4.852490457,0.592300099,0.592300099,42.99269673,"Q1",289
01-JUL-84,4.709706722,0.385728062,0.385728062,43.92090019,"Q3",295
01-DEC-84,3.520313904,0,0,44.42719299,"Q4",300
01-MAY-85,3.30709307,0.374181478,0.374181478,45.27101432,"Q2",305
01-JUL-86,4.019606265,0,0,46.19921778,"Q3",319
01-OCT-86,4.170621039,0.090744102,0.090744102,46.53674631,"Q4",322
01-JAN-87,5.358297846,0.633484163,0.633484163,46.91646591,"Q1",325
01-MAY-87,4.506360417,0.354924579,0.354924579,47.71809617,"Q2",329
01-SEP-87,5.227581401,0.524475524,0.524475524,48.51972643,"Q3",333
01-OCT-87,3.784955092,0.260869565,0.260869565,48.64629963,"Q4",334
01-NOV-87,3.32526844,0.086730269,0.086730269,48.6884907,"Q4",335
01-MAR-88,4.419180052,0.431034483,0.431034483,49.15259243,"Q1",339
01-MAY-88,3.413591238,0.341588386,0.341588386,49.57450309,"Q2",341
01-JUL-88,4.570726716,0.423728814,0.423728814,49.99641376,"Q3",343
01-AUG-88,5.273484963,0.421940928,0.421940928,50.20736909,"Q3",344
01-AUG-89,2.855873684,0.160771704,0.160771704,52.57006881,"Q3",356
01-DEC-89,3.770181376,0.158856235,0.158856235,53.20293481,"Q4",360
01-APR-90,5.314373822,0.155400155,0.155400155,54.38428467,"Q2",364
01-OCT-90,4.553350484,0.602863602,0.602863602,56.32507373,"Q4",370
01-NOV-90,3.613996115,0.224719101,0.224719101,56.45164693,"Q4",371
01-APR-91,3.372761236,0.148148148,0.148148148,57.04232186,"Q2",376
01-AUG-91,3.089832465,0.293685756,0.293685756,57.63299679,"Q3",380
01-OCT-91,2.335350136,0.145772595,0.145772595,57.97052532,"Q4",382
01-NOV-92,3.275941898,0.141043724,0.141043724,59.91131438,"Q4",395
01-FEB-94,3.605814301,0.341997264,0.341997264,61.8942945,"Q1",410
01-OCT-94,2.220319586,0.066934404,0.066934404,63.07564436,"Q4",418
01-NOV-94,4.392090577,0.133779264,0.133779264,63.1600265,"Q4",419
01-JUL-96,3.196372463,0.191448628,0.191448628,66.23997435,"Q3",439
01-MAR-97,2.953194572,0.250626566,0.250626566,67.50570634,"Q1",447
01-SEP-97,2.531996943,0.248756219,0.248756219,68.01199914,"Q3",453
01-MAY-98,3.037772168,0.184615385,0.184615385,68.6870562,"Q2",461
01-JAN-99,1.549172043,0.244051251,0.244051251,69.3199222,"Q1",469
01-FEB-99,1.740410613,0.121728545,0.121728545,69.40430433,"Q1",470
01-OCT-99,1.693605865,0.178677784,0.178677784,70.96537379,"Q4",478
01-FEB-00,2.785583925,0.592417062,0.592417062,71.64043086,"Q1",482
01-MAY-00,2.853533845,0.116754232,0.116754232,72.35767899,"Q2",485
01-JUL-00,3.436363353,0.232018561,0.232018561,72.90616285,"Q3",487
01-APR-02,2.676482145,0.559284116,0.559284116,75.8595375,"Q2",508
01-JAN-03,2.181390428,0.442233278,0.442233278,76.66116776,"Q1",517
01-DEC-03,1.798822339,-0.108401084,-0.108401084,77.75813549,"Q4",528
01-MAR-04,2.734402268,0.644468314,0.644468314,79.06605855,"Q1",531
01-JUN-04,2.724931449,0.317292438,0.317292438,80.03645308,"Q2",534
01-JUN-05,1.624775389,0.051440329,0.051440329,82.06162427,"Q2",546
01-AUG-05,2.222156203,0.511770727,0.511770727,82.86325453,"Q3",548
01-DEC-05,2.204893199,-0.4048583,-0.4048583,83.0320188,"Q4",552
01-JUL-06,3.053930524,0.295712173,0.295712173,85.85882025,"Q3",559
01-NOV-06,3.024699168,-0.148662042,-0.148662042,85.01499892,"Q4",563
01-FEB-07,4.44702564,0.535036756,0.535036756,85.85839834,"Q1",566
01-APR-07,2.368325368,0.649616269,0.649616269,87.20302763,"Q2",568
01-JUL-07,2.828170985,-0.025437721,-0.025437721,87.88356953,"Q3",571
01-FEB-09,2.143576057,0.497293304,0.497293304,89.52648966,"Q1",590
01-JUN-09,0.755845909,0.858989226,0.858989226,91.00317699,"Q2",594
01-OCT-09,1.190365419,0.096310119,0.096310119,91.20738175,"Q4",598
01-DEC-09,0.46081041,-0.176119817,-0.176119817,91.11118612,"Q4",600
01-NOV-10,1.318298981,0.042064642,0.042064642,92.31531915,"Q4",611
01-MAR-11,1.744189983,0.975107203,0.975107203,94.28311049,"Q1",615
01-APR-11,2.249219196,0.643942954,0.643942954,94.89023994,"Q2",616
01-DEC-11,2.374333058,-0.246651638,-0.246651638,95.21342351,"Q4",624
01-MAY-12,1.732072072,-0.117347937,-0.117347937,96.96139939,"Q2",629
01-JUL-12,2.083711194,-0.162978586,-0.162978586,96.66142091,"Q3",631
01-AUG-12,2.423866019,0.556515818,0.556515818,97.19935701,"Q3",632
01-NOV-12,2.072155379,-0.473808669,-0.473808669,97.13269512,"Q4",635
01-MAY-14,2.545626607,0.349260984,0.349260984,100.3725471,"Q2",653
01-MAR-15,2.433335926,0.595172161,0.595172161,99.62112422,"Q1",663
01-JUL-16,2.490164711,-0.16181364,-0.16181364,101.5235194,"Q3",679
01-AUG-17,2.274757988,0.29944523,0.29944523,103.5870845,"Q3",692
01-OCT-17,2.424963024,-0.06320421,-0.06320421,104.0697503,"Q4",694
01-AUG-18,2.296711287,0.055554233,0.055554233,106.3830864,"Q3",704
01-FEB-19,3.024512124,0.422705314,0.422705314,106.6488902,"Q1",710
01-MAY-19,2.558535146,0.212875859,0.212875859,108.0479459,"Q2",713
01-JUL-19,2.469047995,0.167094162,0.167094162,108.2500411,"Q3",715
01-OCT-22,6.507748044,0.405649443,0.405649443,125.734441,"Q4",754
01-JAN-23,8.142495355,0.799536383,0.799536383,126.2230135,"Q1",757
01-MAR-23,4.907054528,0.331072996,0.331072996,127.3478274,"Q1",759
01-AUG-60,,0,0,12.48855567,"Q3",8
01-OCT-60,,0.675675676,0.675675676,12.57293781,"Q4",10
01-NOV-61,,0,0,12.65731994,"Q4",23
01-APR-63,,0,0,12.86827527,"Q2",40
01-MAR-64,,0,0,13.03703954,"Q1",51
01-DEC-65,,0.315457413,0.315457413,13.41675914,"Q4",72
01-MAR-66,,0.3125,0.3125,13.54333233,"Q1",75
01-MAY-66,,0,0,13.62771447,"Q2",77
01-JUN-66,,0.309597523,0.309597523,13.66990553,"Q2",78
01-AUG-66,,0.615384615,0.615384615,13.79647873,"Q3",80
01-JAN-67,,0,0,13.88086087,"Q1",85
01-JUL-68,,0.576368876,0.576368876,14.7246822,"Q3",103
01-NOV-69,,0.536193029,0.536193029,15.82164992,"Q4",119
01-FEB-70,,0.529100529,0.529100529,16.03260526,"Q1",122
01-MAR-71,,0.250626566,0.250626566,16.87642659,"Q1",135
01-MAY-71,,0.498753117,0.498753117,17.00299978,"Q2",137
01-FEB-73,,0.704225352,0.704225352,18.09996751,"Q1",158
01-JAN-74,,0.865800866,0.865800866,19.66103697,"Q1",169
01-FEB-74,,1.287553648,1.287553648,19.91418337,"Q1",170
01-MAY-75,,0.56710775,0.56710775,22.44564736,"Q2",185
01-SEP-76,,0.348432056,0.348432056,24.30205428,"Q3",201
01-OCT-76,,0.520833333,0.520833333,24.42862748,"Q4",202
01-MAR-77,,0.676818951,0.676818951,25.10368455,"Q1",207
01-APR-77,,0.840336134,0.840336134,25.31463988,"Q2",208
01-AUG-77,,0.327868852,0.327868852,25.82093268,"Q3",212
01-NOV-78,,0.44709389,0.44709389,28.4367788,"Q4",227
01-JAN-79,,0.886262925,0.886262925,28.81649839,"Q1",229
01-DEC-79,,1.054018445,1.054018445,32.36054798,"Q4",240
01-MAY-80,,0.987654321,0.987654321,34.51229237,"Q2",245
01-JUN-80,,1.100244499,1.100244499,34.89201197,"Q2",246
01-NOV-80,,0.825471698,0.825471698,36.07336183,"Q4",251
01-JUL-81,,1.103752759,1.103752759,38.64701688,"Q3",259
01-JUL-82,,0.515463918,0.515463918,41.1362898,"Q3",271
01-SEP-82,,0.204708291,0.204708291,41.30505407,"Q3",273
01-FEB-83,4.952545117,0.102249489,0.102249489,41.30505407,"Q1",278
01-MAY-83,3.767326298,0.60851927,0.60851927,41.85353793,"Q2",281
01-FEB-84,4.632377429,0.490677134,0.490677134,43.20365206,"Q1",290
01-MAR-85,4.714338131,0.377358491,0.377358491,44.89129472,"Q1",303
01-JUN-85,4.937368526,0.279589935,0.279589935,45.39758751,"Q2",306
01-OCT-85,3.462854485,0.369344414,0.369344414,45.86168925,"Q4",310
01-DEC-85,3.083169607,0.275229358,0.275229358,46.11483564,"Q4",312
01-APR-86,4.169624405,-0.183823529,-0.183823529,45.81949818,"Q2",316
01-MAY-86,2.242973307,0.276243094,0.276243094,45.94607138,"Q2",317
01-AUG-86,3.282863636,0.182648402,0.182648402,46.28359991,"Q3",320
01-APR-87,4.73286577,0.535236396,0.535236396,47.5493319,"Q2",328
01-DEC-87,2.840113035,0,0,48.6884907,"Q4",336
01-JAN-89,4.681421776,0.497925311,0.497925311,51.09338149,"Q1",349
01-SEP-89,3.472882908,0.321027287,0.321027287,52.73883308,"Q3",357
01-OCT-89,5.169128098,0.48,0.48,52.99197948,"Q4",358
01-AUG-90,5.665606063,0.920245399,0.920245399,55.52344347,"Q3",368
01-APR-92,2.428294262,0.143575018,0.143575018,58.85653772,"Q2",388
01-JUN-92,4.288908939,0.357909807,0.357909807,59.15187518,"Q2",390
01-MAY-93,2.975504052,0.138888889,0.138888889,60.83951784,"Q2",401
01-JUN-93,2.54857378,0.138696255,0.138696255,60.92389997,"Q2",402
01-JUN-94,2.894791964,0.338983051,0.338983051,62.44277837,"Q2",414
01-MAY-95,3.559462577,0.197498354,0.197498354,64.21480316,"Q2",425
01-JUN-95,2.099536659,0.197109067,0.197109067,64.34137636,"Q2",426
01-MAY-96,2.937790058,0.19193858,0.19193858,66.07121008,"Q2",437
01-SEP-96,3.130189825,0.317863954,0.317863954,66.57750288,"Q3",441
01-APR-97,2.98770835,0.125,0.125,67.59008847,"Q2",448
01-OCT-97,2.481544929,0.248138958,0.248138958,68.18076341,"Q4",454
01-NOV-97,2.707959678,-0.061881188,-0.061881188,68.13857234,"Q4",455
01-JUL-98,3.214777163,0.122699387,0.122699387,68.85582047,"Q3",463
01-OCT-98,3.337016067,0.244498778,0.244498778,69.193349,"Q4",466
01-DEC-98,1.993668723,-0.06097561,-0.06097561,69.15115793,"Q4",468
01-JUN-99,1.182844605,0,0,70.12155246,"Q2",474
01-SEP-99,2.480563118,0.478755236,0.478755236,70.83880059,"Q3",477
01-NOV-99,2.187755272,0.059453032,0.059453032,71.00756486,"Q4",479
01-DEC-99,2.602373445,0,0,71.00756486,"Q4",480
01-MAR-00,3.416808776,0.824499411,0.824499411,72.23110579,"Q1",483
01-AUG-00,2.875700615,0,0,72.90616285,"Q3",488
01-SEP-00,3.068734234,0.520833333,0.520833333,73.28588245,"Q3",489
01-APR-01,3.144633088,0.397275823,0.397275823,74.63599657,"Q2",496
01-JUL-01,2.435041108,-0.280898876,-0.280898876,74.88914297,"Q3",499
01-AUG-01,3.805442846,0,0,74.88914297,"Q3",500
01-NOV-01,3.443171412,-0.16882386,-0.16882386,74.84695191,"Q4",503
01-AUG-02,2.285721776,0.333148251,0.333148251,76.2392571,"Q3",512
01-JUL-03,2.671073123,0.108873163,0.108873163,77.58937123,"Q3",523
01-JAN-04,2.220074706,0.488334238,0.488334238,78.13785509,"Q1",529
01-SEP-05,4.024707241,1.221995927,1.221995927,83.87584013,"Q3",549
01-OCT-05,3.331575156,0.201207243,0.201207243,84.0446044,"Q4",550
01-JAN-06,2.884321866,0.762195122,0.762195122,83.6648848,"Q1",553
01-DEC-07,2.982653884,-0.067086313,-0.067086313,88.61642836,"Q4",576
01-JUL-08,3.989128739,0.525101113,0.525101113,92.80515744,"Q3",583
01-AUG-08,2.940131285,-0.399156226,-0.399156226,92.43471987,"Q3",584
01-SEP-08,3.174389708,-0.138301854,-0.138301854,92.30688094,"Q3",585
01-MAY-09,1.293768937,0.288876383,0.288876383,90.2281271,"Q2",593
01-AUG-10,0.430205934,0.138066428,0.138066428,92.10816102,"Q3",608
01-SEP-10,1.536272277,0.058173623,0.058173623,92.16174367,"Q3",609
01-AUG-11,3.177970772,0.27575889,0.27575889,95.58175152,"Q3",620
01-NOV-11,1.847013799,-0.084356133,-0.084356133,95.44884966,"Q4",623
01-FEB-13,2.451542228,0.819002953,0.819002953,97.95331137,"Q1",638
01-APR-13,2.088884186,-0.103963948,-0.103963948,98.10730876,"Q2",640
01-JUN-13,2.13725044,0.239970809,0.239970809,98.51782784,"Q2",642
01-JAN-14,2.406326504,0.372024767,0.372024767,98.69165503,"Q1",649
01-MAY-15,2.501291099,0.509723203,0.509723203,100.3324656,"Q2",665
01-APR-16,3.825477883,0.474106798,0.474106798,100.9467675,"Q2",676
01-MAY-16,3.280519188,0.4045791,0.4045791,101.3551771,"Q2",677
01-DEC-16,2.038385108,0.032732139,0.032732139,101.8627356,"Q4",684
01-MAY-17,2.113218871,0.085472183,0.085472183,103.2554627,"Q2",689
01-JUL-17,2.122093683,-0.068992264,-0.068992264,103.277824,"Q3",691
01-OCT-18,2.606262687,0.176676346,0.176676346,106.6948784,"Q4",706
01-APR-19,2.277496887,0.529500161,0.529500161,107.8184265,"Q2",712
01-JUN-21,3.169493271,0.92906629,0.92906629,114.6314399,"Q2",738
01-FEB-60,,0.341296928,0.341296928,12.40417354,"Q1",2
01-JUN-60,,0.338983051,0.338983051,12.48855567,"Q2",6
01-APR-61,,0,0,12.57293781,"Q2",16
01-AUG-61,,-0.333333333,-0.333333333,12.61512887,"Q3",20
01-SEP-62,,0.330033003,0.330033003,12.8260842,"Q3",33
01-MAR-63,,0.328947368,0.328947368,12.86827527,"Q1",39
01-JUN-63,,0.327868852,0.327868852,12.91046634,"Q2",42
01-MAY-64,,0,0,13.03703954,"Q2",53
01-JUL-64,,0.322580645,0.322580645,13.12142167,"Q3",55
01-APR-65,,0.319488818,0.319488818,13.24799487,"Q2",64
01-JUN-65,,0.636942675,0.636942675,13.332377,"Q2",66
01-JAN-66,,0,0,13.41675914,"Q1",73
01-FEB-66,,0.628930818,0.628930818,13.50114127,"Q1",74
01-JAN-68,,0.589970501,0.589970501,14.38715366,"Q1",97
01-NOV-68,,0.283286119,0.283286119,14.93563753,"Q4",107
01-JAN-69,,0.281690141,0.281690141,15.02001966,"Q1",109
01-JUN-69,,0.549450549,0.549450549,15.44193033,"Q2",114
01-JUN-70,,0.518134715,0.518134715,16.37013379,"Q2",126
01-JUN-71,,0.744416873,0.744416873,17.12957298,"Q2",138
01-AUG-71,,0.245700246,0.245700246,17.21395512,"Q3",140
01-MAY-72,,0.240963855,0.240963855,17.55148365,"Q2",149
01-JUN-72,,0.240384615,0.240384615,17.59367472,"Q2",150
01-OCT-72,,0.475059382,0.475059382,17.84682111,"Q4",154
01-NOV-72,,0.236406619,0.236406619,17.88901218,"Q4",155
01-OCT-73,,0.884955752,0.884955752,19.23912631,"Q4",166
01-NOV-75,,0.72859745,0.72859745,23.33165975,"Q4",191
01-JAN-76,,0.18018018,0.18018018,23.45823295,"Q1",193
01-MAY-76,,0.713012478,0.713012478,23.83795255,"Q2",197
01-AUG-76,,0.525394046,0.525394046,24.21767215,"Q3",200
01-DEC-76,,0.344827586,0.344827586,24.55520068,"Q4",204
01-JAN-77,,0.515463918,0.515463918,24.68177388,"Q1",205
01-MAY-77,,0.5,0.5,25.44121308,"Q2",209
01-SEP-77,,0.326797386,0.326797386,25.90531481,"Q3",213
01-OCT-77,,0.325732899,0.325732899,25.98969694,"Q4",214
01-DEC-77,,0.323101777,0.323101777,26.20065227,"Q4",216
01-JUL-78,,0.766871166,0.766871166,27.71953067,"Q3",223
01-MAY-79,,1.274787535,1.274787535,30.16661252,"Q2",233
01-AUG-79,,0.957592339,0.957592339,31.13700705,"Q3",236
01-FEB-80,,1.413881748,1.413881748,33.28875144,"Q1",242
01-AUG-80,,0.725513906,0.725513906,35.14515836,"Q3",248
01-FEB-81,,1.034482759,1.034482759,37.08594742,"Q1",254
01-MAY-81,,0.785634119,0.785634119,37.88757768,"Q2",257
01-JUN-81,,0.890868597,0.890868597,38.22510622,"Q2",258
01-AUG-81,,0.76419214,0.76419214,38.94235435,"Q3",260
01-NOV-81,,0.321199143,0.321199143,39.53302928,"Q4",263
01-JAN-82,,0.319148936,0.319148936,39.78617568,"Q1",265
01-JUN-82,,1.252609603,1.252609603,40.92533447,"Q2",270
01-AUG-82,,0.205128205,0.205128205,41.22067193,"Q3",272
01-JUL-83,3.69758219,0.40201005,0.40201005,42.1488754,"Q3",283
01-SEP-83,4.837827872,0.499001996,0.499001996,42.48640393,"Q3",285
01-DEC-83,3.626765694,0.098814229,0.098814229,42.73955033,"Q4",288
01-FEB-85,5.603397506,0.473933649,0.473933649,44.72253045,"Q1",302
01-JUL-85,2.431483442,0.185873606,0.185873606,45.48196965,"Q3",307
01-JAN-86,4.423300377,0.274473925,0.274473925,46.24140884,"Q1",313
01-JUN-86,3.394287817,0.550964187,0.550964187,46.19921778,"Q2",318
01-AUG-87,3.313027603,0.527240773,0.527240773,48.26658003,"Q3",332
01-SEP-90,2.816722708,0.835866261,0.835866261,55.9875452,"Q3",369
01-SEP-91,4.065400078,0.439238653,0.439238653,57.88614319,"Q3",381
01-NOV-91,4.291777169,0.291120815,0.291120815,58.13928959,"Q4",383
01-AUG-92,2.117272656,0.284697509,0.284697509,59.44721265,"Q3",392
01-SEP-92,1.864709581,0.283889283,0.283889283,59.61597691,"Q3",393
01-SEP-93,2.334001914,0.20718232,0.20718232,61.21923744,"Q3",405
01-JUL-95,3.032715326,0,0,64.34137636,"Q3",427
01-OCT-95,3.227007329,0.326370757,0.326370757,64.84766915,"Q4",430
01-JAN-96,3.775767724,0.586319218,0.586319218,65.14300662,"Q1",433
01-JUN-96,2.511248662,0.06385696,0.06385696,66.11340115,"Q2",438
01-AUG-96,2.321500991,0.191082803,0.191082803,66.36654755,"Q3",440
01-OCT-96,2.881981803,0.316856781,0.316856781,66.78845821,"Q4",442
01-JUL-97,2.026176338,0.124766064,0.124766064,67.71666167,"Q3",451
01-DEC-97,3.068734234,-0.123839009,-0.123839009,68.05419021,"Q4",456
01-JAN-98,2.421792778,0.185988841,0.185988841,68.18076341,"Q1",457
01-APR-98,2.274818748,0.184956843,0.184956843,68.560483,"Q2",460
01-JUN-98,3.123894748,0.122850123,0.122850123,68.77143834,"Q2",462
01-AUG-98,3.371771602,0.12254902,0.12254902,68.9402026,"Q3",464
01-APR-00,2.276901266,0.058411215,0.058411215,72.27329685,"Q2",484
01-DEC-00,3.296461023,-0.057438254,-0.057438254,73.41245565,"Q4",492
01-MAR-01,2.992146605,0.227531286,0.227531286,74.34065911,"Q1",495
01-NOV-02,1.910976007,0,0,76.4924035,"Q4",515
01-MAR-03,1.126211809,0.60076461,0.60076461,77.71594443,"Q1",519
01-MAY-03,1.075788186,-0.163220892,-0.163220892,77.42060696,"Q2",521
01-OCT-03,2.095867494,-0.107991361,-0.107991361,78.05347296,"Q4",526
01-MAY-06,4.288160685,0.496277916,0.496277916,85.43690959,"Q2",557
01-MAR-07,2.688531122,0.910569585,0.910569585,86.6401988,"Q1",567
01-OCT-07,3.434630521,0.213919133,0.213919133,88.15232663,"Q4",574
01-FEB-08,2.857474363,0.290411218,0.290411218,89.31553433,"Q1",578
01-NOV-08,1.936253666,-1.915289533,-1.915289533,89.62437294,"Q4",587
01-AUG-09,1.625506108,0.224285004,0.224285004,91.06266639,"Q3",596
01-MAR-10,-0.286064246,0.410628354,0.410628354,91.82083986,"Q1",603
01-OCT-10,1.126090571,0.124519889,0.124519889,92.27650337,"Q4",610
01-MAY-11,2.30581554,0.470418753,0.470418753,95.33662142,"Q2",617
01-OCT-11,2.022265145,-0.206268263,-0.206268263,95.5294346,"Q4",622
01-JAN-12,3.198089285,0.440019143,0.440019143,95.6323808,"Q1",625
01-APR-12,2.285133843,0.30210295,0.30210295,97.07531527,"Q2",628
01-JUL-13,2.003200047,0.039399753,0.039399753,98.55664362,"Q3",643
01-SEP-13,2.232160173,0.116300449,0.116300449,98.78996021,"Q3",645
01-DEC-13,2.844644082,-0.00858115,-0.00858115,98.32585848,"Q4",648
01-OCT-14,2.428956551,-0.251227781,-0.251227781,100.1755148,"Q4",658
01-JUN-15,2.972399564,0.350287,0.350287,100.6839172,"Q2",666
01-JUL-15,1.922025301,0.006704716,0.006704716,100.6906678,"Q3",667
01-OCT-15,2.283164491,-0.044968375,-0.044968375,100.3463887,"Q4",670
01-MAR-17,1.914383675,0.081279787,0.081279787,102.8622419,"Q1",687
01-APR-17,1.553658363,0.296553337,0.296553337,103.1672834,"Q2",688
01-JUN-17,1.896833786,0.090711101,0.090711101,103.3491269,"Q2",690
01-OCT-19,2.525719414,0.228619055,0.228619055,108.5770219,"Q4",718
01-APR-20,1.968373502,-0.668694187,-0.668694187,108.1732534,"Q2",724
01-JUN-20,1.680370173,0.547204693,0.547204693,108.7673036,"Q2",726
01-NOV-20,1.218910525,-0.061062722,-0.061062722,109.7933903,"Q4",731
01-DEC-20,1.624482143,0.094147847,0.094147847,109.8967585,"Q4",732
01-JAN-22,6.992826311,0.841457378,0.841457378,118.6193395,"Q1",745
01-MAR-22,6.350249411,1.335137955,1.335137955,121.3010037,"Q1",747
01-AUG-22,8.463917466,-0.035439928,-0.035439928,124.9577035,"Q3",752
01-DEC-22,7.049161031,-0.307009146,-0.307009146,125.2218195,"Q4",756
01-APR-60,,0.340136054,0.340136054,12.44636461,"Q2",4
01-SEP-60,,0,0,12.48855567,"Q3",9
01-MAR-62,,0,0,12.69951101,"Q1",27
01-APR-62,,0.332225914,0.332225914,12.74170207,"Q2",28
01-MAY-62,,0,0,12.74170207,"Q2",29
01-JUN-62,,0,0,12.74170207,"Q2",30
01-AUG-62,,0,0,12.78389314,"Q3",32
01-JAN-63,,0,0,12.8260842,"Q1",37
01-AUG-63,,0,0,12.9526574,"Q3",44
01-OCT-63,,0.325732899,0.325732899,12.99484847,"Q4",46
01-FEB-65,,0,0,13.16361274,"Q1",62
01-MAR-65,,0.320512821,0.320512821,13.2058038,"Q1",63
01-AUG-65,,0,0,13.332377,"Q3",68
01-MAY-67,,0.302114804,0.302114804,14.00743407,"Q2",89
01-SEP-67,,0.298507463,0.298507463,14.17619833,"Q3",93
01-DEC-67,,0.295857988,0.295857988,14.30277153,"Q4",96
01-SEP-69,,0.27027027,0.27027027,15.65288566,"Q3",117
01-MAR-70,,0.526315789,0.526315789,16.11698739,"Q1",123
01-OCT-70,,0.510204082,0.510204082,16.62328019,"Q4",130
01-JAN-71,,0,0,16.79204445,"Q1",133
01-NOV-71,,0,0,17.25614618,"Q4",143
01-DEC-71,,0.488997555,0.488997555,17.34052832,"Q4",144
01-APR-73,,0.692840647,0.692840647,18.39530498,"Q2",160
01-SEP-74,,1.2,1.2,21.34867963,"Q3",177
01-JUN-75,,0.751879699,0.751879699,22.61441162,"Q2",186
01-SEP-75,,0.552486188,0.552486188,23.03632229,"Q3",189
01-OCT-75,,0.549450549,0.549450549,23.16289549,"Q4",190
01-NOV-76,,0.172711572,0.172711572,24.47081855,"Q4",203
01-FEB-77,,1.025641026,1.025641026,24.93492028,"Q1",206
01-JAN-78,,0.644122383,0.644122383,26.36941654,"Q1",217
01-MAR-78,,0.79491256,0.79491256,26.74913614,"Q1",219
01-MAY-78,,0.938967136,0.938967136,27.21323787,"Q2",221
01-MAR-79,,1.013024602,1.013024602,29.44936439,"Q1",231
01-MAR-80,,1.520912548,1.520912548,33.79504424,"Q1",243
01-APR-81,,0.677966102,0.677966102,37.59224022,"Q2",256
