"RECORD_DATE","VALUE_M2_REAL_US","VALUE_M2_US","FISCAL_QUARTER","SURROGATE_KEY"
01-FEB-59,992.1,"2.88E+11","Q1",2
01-AUG-59,1015.8,"2.96E+11","Q3",8
01-OCT-59,1010.2,"2.97E+11","Q4",10
01-JAN-60,1015.3,"2.98E+11","Q1",13
01-JAN-61,1052.6,"3.14E+11","Q1",25
01-JUN-61,1086.8,"3.24E+11","Q2",30
01-FEB-62,1129.5,"3.40E+11","Q1",38
01-MAY-63,1232.7,"3.76E+11","Q2",53
01-NOV-64,1352.1,"4.22E+11","Q4",71
01-SEP-65,1421.6,"4.50E+11","Q3",81
01-DEC-66,1458.7,"4.80E+11","Q4",96
01-AUG-67,1524.8,"5.11E+11","Q3",104
01-OCT-67,1537.7,"5.18E+11","Q4",106
01-NOV-67,1537.5,"5.21E+11","Q4",107
01-MAR-68,1554.5,"5.33E+11","Q1",111
01-MAY-69,1583.8,"5.77E+11","Q2",125
01-OCT-69,1564.1,"5.83E+11","Q4",130
01-MAY-70,1532.4,"5.92E+11","Q2",137
01-DEC-70,1574.1,"6.27E+11","Q4",144
01-FEB-71,1606.5,"6.41E+11","Q1",146
01-APR-71,1641.9,"6.58E+11","Q2",148
01-FEB-72,1752.9,"7.26E+11","Q1",158
01-APR-72,1779.3,"7.38E+11","Q2",160
01-SEP-72,1848.7,"7.78E+11","Q3",165
01-MAY-73,1883.4,"8.27E+11","Q2",173
01-JAN-75,1732.9,"9.06E+11","Q1",193
01-DEC-75,1827.7,"1.02E+12","Q4",204
01-JUN-76,1900.5,"1.08E+12","Q2",210
01-SEP-78,2022.6,"1.35E+12","Q3",237
01-OCT-78,2015.4,"1.35E+12","Q4",238
01-DEC-78,2011.8,"1.37E+12","Q4",240
01-NOV-79,1928.8,"1.47E+12","Q4",251
01-JAN-80,1900.9,"1.48E+12","Q1",253
01-JAN-83,2001.4,"1.96E+12","Q1",289
01-AUG-84,2136.4,"2.23E+12","Q3",308
01-APR-85,2220,"2.38E+12","Q2",316
01-FEB-86,2290.7,"2.52E+12","Q1",326
01-JUN-87,2444.6,"2.78E+12","Q2",342
01-OCT-88,2473.1,"2.97E+12","Q4",358
01-JUL-89,2451.7,"3.06E+12","Q3",367
01-JAN-90,2483.8,"3.17E+12","Q1",373
01-JUN-91,2464.6,"3.36E+12","Q2",390
01-JUL-91,2464.1,"3.36E+12","Q3",391
01-MAR-92,2447.1,"3.41E+12","Q1",399
01-MAR-94,2365.8,"3.49E+12","Q1",423
01-APR-95,2305.1,"3.51E+12","Q2",436
01-FEB-96,2362.5,"3.67E+12","Q1",446
01-DEC-96,2400.1,"3.82E+12","Q4",456
01-MAY-97,2432.3,"3.89E+12","Q2",461
01-JUN-01,2911.4,"5.17E+12","Q2",510
01-DEC-01,3063,"5.43E+12","Q4",516
01-JAN-02,3069.3,"5.46E+12","Q1",517
01-FEB-02,3080.6,"5.49E+12","Q1",518
01-MAY-02,3076,"5.52E+12","Q2",521
01-FEB-04,3274.9,"6.11E+12","Q1",542
01-JUL-04,3323.3,"6.28E+12","Q3",547
01-JUN-07,3512.3,"7.27E+12","Q2",582
01-JUN-08,3554.1,"7.75E+12","Q2",594
01-DEC-08,3875.2,"8.25E+12","Q4",600
01-FEB-10,3915.4,"8.53E+12","Q1",614
01-SEP-11,4205,"9.48E+12","Q3",633
01-OCT-12,4432.5,"1.03E+13","Q4",646
01-SEP-14,4842.5,"1.15E+13","Q3",669
01-AUG-15,5084.1,"1.21E+13","Q3",680
01-SEP-15,5120.4,"1.22E+13","Q3",681
01-JAN-16,5247.1,"1.24E+13","Q1",685
01-AUG-16,5393.1,"1.30E+13","Q3",692
01-SEP-16,5404.2,"1.30E+13","Q3",693
01-NOV-17,5580.6,"","Q4",707
01-DEC-17,5592.3,"","Q4",708
01-APR-18,5590.4,"","Q2",712
01-AUG-19,5824.7,"","Q3",728
01-SEP-19,5850.9,"","Q3",729
01-FEB-20,5959.7,"","Q1",734
01-AUG-20,7072.2,"","Q3",740
01-MAY-21,7610.9,"","Q2",749
01-AUG-21,7640,"","Q3",752
01-OCT-21,7636.3,"","Q4",754
01-NOV-21,7648.1,"","Q4",755
01-FEB-22,7579.2,"","Q1",758
01-MAY-22,7438.4,"","Q2",761
01-SEP-59,1014.4,"2.97E+11","Q3",9
01-MAR-60,1017.7,"2.99E+11","Q1",15
01-MAY-60,1017.6,"3.01E+11","Q2",17
01-DEC-60,1048,"3.12E+11","Q4",24
01-OCT-61,1104.4,"3.31E+11","Q4",34
01-DEC-62,1193.9,"3.63E+11","Q4",48
01-DEC-63,1273.3,"3.93E+11","Q4",60
01-APR-64,1297.9,"4.02E+11","Q2",64
01-AUG-64,1331.4,"4.13E+11","Q3",68
01-OCT-64,1346.7,"4.19E+11","Q4",70
01-JAN-65,1366.7,"4.28E+11","Q1",73
01-FEB-67,1470,"4.85E+11","Q1",98
01-APR-68,1557.3,"5.36E+11","Q2",112
01-MAY-68,1562,"5.39E+11","Q2",113
01-JUN-68,1563.7,"5.43E+11","Q2",114
01-AUG-68,1569.7,"5.49E+11","Q3",116
01-SEP-68,1577.2,"5.54E+11","Q3",117
01-JUL-69,1574.7,"5.80E+11","Q3",127
01-DEC-72,1887.8,"8.02E+11","Q4",168
01-JAN-73,1897.7,"8.10E+11","Q1",169
01-SEP-73,1856.9,"8.39E+11","Q3",177
01-NOV-73,1849.5,"8.49E+11","Q4",179
01-MAR-74,1820.3,"8.70E+11","Q1",183
01-DEC-74,1738.2,"9.02E+11","Q4",192
01-FEB-76,1861,"1.04E+12","Q1",206
01-JUL-76,1905.8,"1.09E+12","Q3",211
01-JUN-78,2028.5,"1.32E+12","Q2",234
01-APR-79,1986,"1.40E+12","Q2",244
01-APR-80,1856.9,"1.50E+12","Q2",256
01-APR-82,1898.8,"1.80E+12","Q2",280
01-OCT-82,1905.9,"1.87E+12","Q4",286
01-AUG-83,2071.9,"2.08E+12","Q3",296
01-SEP-84,2143.6,"2.25E+12","Q3",309
01-JAN-85,2206.6,"2.33E+12","Q1",313
01-MAR-87,2454.3,"2.76E+12","Q1",339
01-JUL-87,2442,"2.78E+12","Q3",343
01-SEP-88,2474.4,"2.96E+12","Q3",357
01-NOV-88,2477.3,"2.99E+12","Q4",359
01-MAR-90,2480.6,"3.20E+12","Q1",375
01-JUN-90,2474,"3.22E+12","Q2",378
01-MAR-91,2464.3,"3.33E+12","Q1",387
01-DEC-91,2440.1,"3.38E+12","Q4",396
01-JAN-93,2394.3,"3.42E+12","Q1",409
01-JUL-93,2382,"3.45E+12","Q3",415
01-AUG-93,2379.6,"3.45E+12","Q3",416
01-FEB-95,2312.7,"3.50E+12","Q1",434
01-SEP-95,2352.8,"3.61E+12","Q3",441
01-APR-96,2368.8,"3.71E+12","Q2",448
01-FEB-97,2408.5,"3.84E+12","Q1",458
01-JUN-97,2438.2,"3.90E+12","Q2",462
01-AUG-97,2461.1,"3.95E+12","Q3",464
01-NOV-98,2648.6,"4.34E+12","Q4",479
01-JAN-01,2833.5,"4.97E+12","Q1",505
01-OCT-01,3005.1,"5.34E+12","Q4",514
01-NOV-03,3280.6,"6.06E+12","Q4",539
01-MAY-04,3330.6,"6.25E+12","Q2",545
01-DEC-04,3348.1,"6.41E+12","Q4",552
01-JAN-05,3353.1,"6.41E+12","Q1",553
01-MAR-05,3336,"6.44E+12","Q1",555
01-JUL-05,3354.2,"6.52E+12","Q3",559
01-MAY-07,3504.3,"7.25E+12","Q2",581
01-AUG-07,3556.2,"7.37E+12","Q3",584
01-MAR-09,3938.6,"8.40E+12","Q1",603
01-APR-09,3936.3,"8.39E+12","Q2",604
01-SEP-09,3911.9,"8.45E+12","Q3",609
01-APR-10,3926,"8.52E+12","Q2",616
01-DEC-10,3992.3,"8.81E+12","Q4",624
01-MAY-13,4580.1,"1.06E+13","Q2",653
01-NOV-13,4685.9,"1.09E+13","Q4",659
01-APR-14,4760.8,"1.12E+13","Q2",664
01-JUL-14,4812.6,"1.14E+13","Q3",667
01-DEC-15,5192.9,"1.23E+13","Q4",684
01-OCT-16,5419.2,"1.31E+13","Q4",694
01-NOV-16,5443,"1.31E+13","Q4",695
01-SEP-17,5566.5,"","Q3",705
01-MAR-18,5597.6,"","Q1",711
01-JUL-18,5628.3,"","Q3",715
01-SEP-18,5636,"","Q3",717
01-JAN-20,5943.6,"","Q1",733
01-MAY-20,6976.7,"","Q2",737
01-SEP-20,7144.3,"","Q3",741
01-OCT-20,7195.6,"","Q4",742
01-NOV-22,7166.4,"","Q4",767
01-FEB-23,6987.3,"","Q1",770
01-APR-23,6824.7,"","Q2",772
01-NOV-59,1012.3,"2.97E+11","Q4",11
01-JUL-60,1029.1,"3.04E+11","Q3",19
01-FEB-61,1060.7,"3.17E+11","Q1",26
01-JUL-61,1088.2,"3.26E+11","Q3",31
01-SEP-61,1099.1,"3.30E+11","Q3",33
01-JAN-62,1123.5,"3.38E+11","Q1",37
01-JUL-62,1160.8,"3.51E+11","Q3",43
01-OCT-62,1175.8,"3.57E+11","Q4",46
01-FEB-64,1286.3,"3.98E+11","Q1",62
01-JUN-64,1312.8,"4.07E+11","Q2",66
01-SEP-64,1341.4,"4.17E+11","Q3",69
01-DEC-64,1359,"4.25E+11","Q4",72
01-OCT-65,1430,"4.53E+11","Q4",82
01-NOV-65,1435.3,"4.56E+11","Q4",83
01-APR-66,1453.8,"4.69E+11","Q2",88
01-JUL-66,1451.2,"4.71E+11","Q3",91
01-OCT-66,1448.1,"4.76E+11","Q4",94
01-APR-67,1486.7,"4.92E+11","Q2",100
01-JUN-67,1507.5,"5.02E+11","Q2",102
01-FEB-69,1597.5,"5.72E+11","Q1",122
01-MAR-69,1591.1,"5.74E+11","Q1",123
01-AUG-69,1572.1,"5.80E+11","Q3",128
01-DEC-69,1559.4,"5.88E+11","Q4",132
01-JAN-70,1555.7,"5.90E+11","Q1",133
01-NOV-70,1568.4,"6.21E+11","Q4",143
01-SEP-71,1697.3,"6.93E+11","Q3",153
01-JUL-72,1817,"7.60E+11","Q3",163
01-AUG-73,1864,"8.39E+11","Q3",176
01-JUL-74,1787.8,"8.81E+11","Q3",187
01-MAR-75,1751.9,"9.25E+11","Q1",195
01-APR-75,1764.3,"9.35E+11","Q2",196
01-JUL-75,1805.7,"9.75E+11","Q3",199
01-APR-76,1890.9,"1.06E+12","Q2",208
01-JUL-77,2017.6,"1.23E+12","Q3",223
01-NOV-77,2036.1,"1.26E+12","Q4",227
01-FEB-78,2040.5,"1.29E+12","Q1",230
01-APR-78,2035.1,"1.30E+12","Q2",232
01-JUL-79,1965.5,"1.43E+12","Q3",247
01-SEP-79,1954.4,"1.45E+12","Q3",249
01-SEP-80,1876,"1.57E+12","Q3",261
01-OCT-80,1871.1,"1.58E+12","Q4",262
01-OCT-81,1843.5,"1.72E+12","Q4",274
01-DEC-81,1865.6,"1.76E+12","Q4",276
01-MAY-82,1893,"1.82E+12","Q2",281
01-NOV-82,1922.1,"1.89E+12","Q4",287
01-OCT-83,2082.5,"2.10E+12","Q4",298
01-MAY-84,2129.6,"2.21E+12","Q2",305
01-OCT-84,2149.3,"2.26E+12","Q4",310
01-NOV-84,2166.6,"2.28E+12","Q4",311
01-MAR-86,2321.8,"2.54E+12","Q1",327
01-DEC-88,2475.7,"2.99E+12","Q4",360
01-APR-89,2441.9,"3.01E+12","Q2",364
01-JUL-92,2415.6,"3.40E+12","Q3",403
01-NOV-93,2376.8,"3.47E+12","Q4",419
01-MAY-94,2366.6,"3.50E+12","Q2",425
01-JAN-95,2320.5,"3.50E+12","Q1",433
01-MAR-95,2308.9,"3.50E+12","Q1",435
01-DEC-95,2358.3,"3.64E+12","Q4",444
01-JAN-97,2405.6,"3.83E+12","Q1",457
01-FEB-98,2524,"4.09E+12","Q1",470
01-APR-03,3219.9,"5.90E+12","Q2",532
01-JUN-03,3274.7,"5.99E+12","Q2",534
01-SEP-03,3280.8,"6.07E+12","Q3",537
01-APR-04,3303.7,"6.19E+12","Q2",544
01-OCT-04,3340.3,"6.36E+12","Q4",550
01-FEB-05,3343.5,"6.42E+12","Q1",554
01-APR-05,3332.9,"6.45E+12","Q2",556
01-JUN-06,3391.9,"6.83E+12","Q2",570
01-AUG-06,3394.1,"6.90E+12","Q3",572
01-OCT-06,3463.7,"6.98E+12","Q4",574
01-DEC-06,3481.8,"7.07E+12","Q4",576
01-NOV-07,3529.7,"7.46E+12","Q4",587
01-JAN-08,3537.4,"7.53E+12","Q1",589
01-MAY-08,3583.1,"7.73E+12","Q2",593
01-JUN-10,3963.6,"8.59E+12","Q2",618
01-JAN-11,3989,"8.84E+12","Q1",625
01-JUN-11,4070.6,"9.09E+12","Q2",630
01-MAR-12,4296.5,"9.79E+12","Q1",639
01-JUN-12,4375.6,"9.92E+12","Q2",642
01-DEC-12,4523.7,"1.04E+13","Q4",648
01-MAR-13,4545.5,"1.05E+13","Q1",651
01-OCT-13,4691.1,"1.09E+13","Q4",658
01-FEB-14,4745.9,"1.11E+13","Q1",662
01-DEC-14,4945.9,"1.16E+13","Q4",672
01-APR-15,5049.9,"1.19E+13","Q2",676
01-NOV-15,5161.2,"1.23E+13","Q4",683
01-MAR-16,5299.4,"1.26E+13","Q1",687
01-JUN-18,5618.6,"","Q2",714
01-NOV-18,5636.2,"","Q4",719
01-JAN-19,5709.9,"","Q1",721
01-NOV-19,5912.3,"","Q4",731
01-FEB-21,7434.5,"","Q1",746
01-APR-21,7543.7,"","Q2",748
01-APR-22,7511,"","Q2",760
01-JUL-22,7366.5,"","Q3",763
01-DEC-59,1012.6,"2.98E+11","Q4",12
01-NOV-60,1044,"3.11E+11","Q4",23
01-MAY-61,1079.8,"3.22E+11","Q2",29
01-JAN-64,1277.3,"3.95E+11","Q1",61
01-MAY-65,1388.5,"4.37E+11","Q2",77
01-JUL-65,1402.5,"4.43E+11","Q3",79
01-SEP-66,1451.6,"4.75E+11","Q3",93
01-OCT-68,1579.6,"5.58E+11","Q4",118
01-APR-70,1528.3,"5.88E+11","Q2",136
01-AUG-70,1551,"6.05E+11","Q3",140
01-SEP-70,1559.2,"6.11E+11","Q3",141
01-JUL-71,1673.9,"6.80E+11","Q3",151
01-OCT-71,1707.6,"6.98E+11","Q4",154
01-JAN-72,1742,"7.18E+11","Q1",157
01-MAR-72,1771.7,"7.34E+11","Q1",159
01-JUN-73,1885.3,"8.33E+11","Q2",174
01-JUL-73,1892.5,"8.37E+11","Q3",175
01-DEC-73,1847.7,"8.56E+11","Q4",180
01-APR-74,1814.8,"8.73E+11","Q2",184
01-FEB-75,1737.8,"9.14E+11","Q1",194
01-MAR-76,1875,"1.05E+12","Q1",207
01-FEB-79,1991,"1.38E+12","Q1",242
01-JUN-79,1970.9,"1.42E+12","Q2",246
01-OCT-79,1942,"1.46E+12","Q4",250
01-JUL-80,1871.1,"1.55E+12","Q3",259
01-JAN-81,1842.8,"1.61E+12","Q1",265
01-SEP-81,1832.4,"1.71E+12","Q3",273
01-FEB-82,1873.8,"1.77E+12","Q1",278
01-APR-83,2053.2,"2.03E+12","Q2",292
01-MAR-84,2113.9,"2.18E+12","Q1",303
01-JUN-84,2136.1,"2.22E+12","Q2",306
01-SEP-85,2272.3,"2.46E+12","Q3",321
01-NOV-85,2273.2,"2.48E+12","Q4",323
01-SEP-86,2425.3,"2.67E+12","Q3",333
01-DEC-86,2462.1,"2.73E+12","Q4",336
01-APR-88,2483.5,"2.92E+12","Q2",352
01-JUN-89,2439.9,"3.03E+12","Q2",366
01-FEB-90,2483.8,"3.18E+12","Q1",374
01-MAY-90,2479.2,"3.21E+12","Q2",377
01-JUL-90,2470.9,"3.23E+12","Q3",379
01-JAN-91,2440.8,"3.29E+12","Q1",385
01-MAY-91,2465.3,"3.35E+12","Q2",389
01-FEB-92,2453.1,"3.40E+12","Q1",398
01-MAY-92,2432.8,"3.40E+12","Q2",401
01-DEC-92,2406.7,"3.43E+12","Q4",408
01-APR-93,2372.3,"3.42E+12","Q2",412
01-DEC-93,2374.9,"3.48E+12","Q4",420
01-APR-94,2365,"3.49E+12","Q2",424
01-SEP-94,2335,"3.49E+12","Q3",429
01-AUG-95,2347.3,"3.60E+12","Q3",440
01-MAR-96,2371,"3.70E+12","Q1",447
01-SEP-98,2610.2,"4.26E+12","Q3",477
01-APR-99,2688.8,"4.46E+12","Q2",484
01-JAN-00,2756.2,"4.66E+12","Q1",493
01-JUN-00,2771.1,"4.76E+12","Q2",498
01-NOV-00,2801.5,"4.87E+12","Q4",503
01-FEB-01,2848.9,"5.01E+12","Q1",506
01-MAY-01,2895.1,"5.13E+12","Q2",509
01-SEP-01,3003,"5.34E+12","Q3",513
01-SEP-02,3128.3,"5.65E+12","Q3",525
01-FEB-03,3181.2,"5.84E+12","Q1",530
01-NOV-04,3338.4,"6.39E+12","Q4",551
01-NOV-05,3359.4,"6.65E+12","Q4",563
01-MAR-06,3386.5,"6.75E+12","Q1",567
01-APR-06,3388.2,"6.79E+12","Q2",568
01-SEP-07,3549.9,"7.40E+12","Q3",585
01-MAR-08,3586.9,"7.68E+12","Q1",591
01-JAN-09,3903.9,"8.31E+12","Q1",601
01-JUL-09,3933,"8.45E+12","Q3",607
01-JUL-10,3960.8,"8.61E+12","Q3",619
01-FEB-12,4285.8,"9.75E+12","Q1",638
01-JAN-13,4524.8,"1.05E+13","Q1",649
01-NOV-14,4896.9,"1.16E+13","Q4",671
01-JAN-15,5003.5,"1.17E+13","Q1",673
01-JAN-17,5452.6,"1.33E+13","Q1",697
01-FEB-17,5474.8,"1.33E+13","Q1",698
01-JAN-18,5573.3,"","Q1",709
01-FEB-18,5575.4,"","Q1",710
01-MAY-18,5601.1,"","Q2",713
01-DEC-18,5682.2,"","Q4",720
01-JUN-19,5783.7,"","Q2",726
01-JAN-21,7369.8,"","Q1",745
01-JUL-21,7603.1,"","Q3",751
01-SEP-21,7650.3,"","Q3",753
01-JUN-22,7351.4,"","Q2",762
01-MAR-59,998.3,"2.89E+11","Q1",3
01-APR-59,1001,"2.90E+11","Q2",4
01-MAY-59,1006.2,"2.92E+11","Q2",5
01-JUN-59,1010.3,"2.94E+11","Q2",6
01-DEC-61,1118,"3.36E+11","Q4",36
01-NOV-62,1184.3,"3.60E+11","Q4",47
01-FEB-63,1207,"3.68E+11","Q1",50
01-JUL-63,1241.8,"3.81E+11","Q3",55
01-SEP-63,1256.5,"3.86E+11","Q3",57
01-NOV-63,1271.9,"3.92E+11","Q4",59
01-NOV-66,1451.6,"4.77E+11","Q4",95
01-MAR-67,1483.9,"4.90E+11","Q1",99
01-JUL-67,1515.9,"5.06E+11","Q3",103
01-FEB-68,1550.9,"5.30E+11","Q1",110
01-DEC-68,1592.1,"5.67E+11","Q4",120
01-JUL-70,1540.1,"5.99E+11","Q3",139
01-AUG-72,1834.6,"7.69E+11","Q3",164
01-MAR-73,1878.6,"8.15E+11","Q1",171
01-MAY-74,1799.6,"8.75E+11","Q2",185
01-JUN-74,1791.4,"8.78E+11","Q2",186
01-AUG-74,1771.7,"8.84E+11","Q3",188
01-OCT-74,1751.6,"8.93E+11","Q4",190
01-NOV-74,1744.9,"8.99E+11","Q4",191
01-AUG-75,1813.8,"9.83E+11","Q3",200
01-JUN-77,2012.9,"1.22E+12","Q2",222
01-AUG-78,2023.5,"1.33E+12","Q3",236
01-DEC-80,1851.6,"1.60E+12","Q4",264
01-MAR-81,1847.2,"1.64E+12","Q1",267
01-MAR-82,1886.5,"1.79E+12","Q1",279
01-DEC-82,1950.8,"1.91E+12","Q4",288
01-JUN-83,2065.9,"2.06E+12","Q2",294
01-APR-84,2121.7,"2.19E+12","Q2",304
01-AUG-85,2265.1,"2.45E+12","Q3",320
01-FEB-87,2457.5,"2.75E+12","Q1",338
01-JAN-88,2454.7,"2.85E+12","Q1",349
01-FEB-88,2470.2,"2.88E+12","Q1",350
01-JUN-88,2490.2,"2.94E+12","Q2",354
01-FEB-89,2460.7,"3.00E+12","Q1",362
01-MAR-89,2454.7,"3.01E+12","Q1",363
01-MAY-89,2434.6,"3.02E+12","Q2",365
01-NOV-89,2488.7,"3.14E+12","Q4",371
01-DEC-90,2438,"3.28E+12","Q4",384
01-FEB-91,2451.4,"3.31E+12","Q1",386
01-JAN-92,2444.8,"3.38E+12","Q1",397
01-OCT-92,2416.2,"3.43E+12","Q4",406
01-FEB-93,2386.1,"3.42E+12","Q1",410
01-MAR-93,2380.8,"3.42E+12","Q1",411
01-OCT-93,2374.1,"3.46E+12","Q4",418
01-JAN-94,2375.2,"3.48E+12","Q1",421
01-JUL-94,2350.5,"3.50E+12","Q3",427
01-DEC-94,2322.7,"3.49E+12","Q4",432
01-NOV-95,2355.2,"3.63E+12","Q4",443
01-NOV-96,2391.4,"3.79E+12","Q4",455
01-MAR-98,2539.7,"4.11E+12","Q1",471
01-MAR-99,2689.4,"4.43E+12","Q1",483
01-MAY-99,2702,"4.48E+12","Q2",485
01-JUL-99,2720.2,"4.53E+12","Q3",487
01-AUG-99,2723.9,"4.55E+12","Q3",488
01-MAR-02,3078.5,"5.50E+12","Q1",519
01-JUN-02,3088.3,"5.55E+12","Q2",522
01-JUL-02,3105.1,"5.59E+12","Q3",523
01-OCT-02,3145.9,"5.71E+12","Q4",526
01-DEC-02,3174.9,"5.78E+12","Q4",528
01-AUG-03,3306.7,"6.09E+12","Q3",536
01-SEP-04,3343.2,"6.33E+12","Q3",549
01-MAY-05,3343.6,"6.46E+12","Q2",557
01-FEB-06,3384.5,"6.74E+12","Q1",566
01-JAN-07,3494.7,"7.11E+12","Q1",577
01-APR-08,3598.7,"7.72E+12","Q2",592
01-NOV-09,3913.2,"8.51E+12","Q4",611
01-JAN-10,3889,"8.47E+12","Q1",613
01-MAY-10,3953.2,"8.56E+12","Q2",617
01-FEB-11,4004.9,"8.90E+12","Q1",626
01-JUL-11,4133.5,"9.27E+12","Q3",631
01-SEP-12,4415.6,"1.02E+13","Q3",645
01-AUG-13,4616.1,"1.08E+13","Q3",656
01-MAR-14,4748.6,"1.12E+13","Q1",663
01-JUN-14,4794.9,"1.13E+13","Q2",666
01-AUG-14,4825.6,"1.14E+13","Q3",668
01-FEB-15,5047.5,"1.18E+13","Q1",674
01-FEB-16,5290.7,"1.25E+13","Q1",686
01-JUN-16,5340.6,"1.28E+13","Q2",690
01-MAR-20,6190.3,"","Q1",735
01-JUL-20,7080.1,"","Q3",739
01-MAR-21,7489.6,"","Q1",747
01-JUL-59,1012.7,"2.95E+11","Q3",7
01-AUG-60,1036.5,"3.07E+11","Q3",20
01-OCT-60,1040.3,"3.10E+11","Q4",22
01-NOV-61,1112.1,"3.33E+11","Q4",35
01-APR-63,1224.7,"3.73E+11","Q2",52
01-MAR-64,1292.2,"4.00E+11","Q1",63
01-DEC-65,1441.8,"4.59E+11","Q4",84
01-MAR-66,1451.8,"4.67E+11","Q1",87
01-MAY-66,1453.2,"4.70E+11","Q2",89
01-JUN-66,1455.2,"4.71E+11","Q2",90
01-AUG-66,1447.5,"4.73E+11","Q3",92
01-JAN-67,1463.8,"4.82E+11","Q1",97
01-JUL-68,1563.3,"5.46E+11","Q3",115
01-NOV-69,1561.1,"5.85E+11","Q4",131
01-FEB-70,1538.8,"5.86E+11","Q1",134
01-MAR-71,1624.7,"6.50E+11","Q1",147
01-MAY-71,1654.3,"6.67E+11","Q2",149
01-FEB-73,1893.3,"8.14E+11","Q1",170
01-JAN-74,1837,"8.60E+11","Q1",181
01-FEB-74,1827.1,"8.64E+11","Q1",182
01-MAY-75,1785.1,"9.48E+11","Q2",197
01-SEP-76,1928.5,"1.11E+12","Q3",213
01-OCT-76,1943,"1.13E+12","Q4",214
01-APR-77,1999.3,"1.20E+12","Q2",220
01-AUG-77,2024.5,"1.24E+12","Q3",224
01-NOV-78,2013.5,"1.36E+12","Q4",239
01-JAN-79,2002.3,"1.37E+12","Q1",241
01-DEC-79,1916.4,"1.47E+12","Q4",252
01-JUN-80,1853.6,"1.53E+12","Q2",258
01-NOV-80,1864.3,"1.60E+12","Q4",263
01-JUL-81,1838.1,"1.68E+12","Q3",271
01-JUL-82,1878.5,"1.83E+12","Q3",283
01-SEP-82,1902.1,"1.86E+12","Q3",285
01-NOV-83,2089.3,"2.11E+12","Q4",299
01-JAN-84,2094.2,"2.14E+12","Q1",301
01-JUL-84,2135.9,"2.23E+12","Q3",307
01-DEC-84,2186.2,"2.31E+12","Q4",312
01-JUL-86,2398.7,"2.63E+12","Q3",331
01-OCT-86,2438.7,"2.69E+12","Q4",334
01-JAN-87,2463.1,"2.75E+12","Q1",337
01-MAY-87,2453.9,"2.78E+12","Q2",341
01-SEP-87,2440.7,"2.80E+12","Q3",345
01-NOV-87,2442.7,"2.82E+12","Q4",347
01-MAR-88,2481.3,"2.90E+12","Q1",351
01-MAY-88,2490.2,"2.93E+12","Q2",353
01-JUL-88,2487.1,"2.95E+12","Q3",355
01-AUG-88,2480.7,"2.96E+12","Q3",356
01-DEC-89,2496,"3.16E+12","Q4",372
01-APR-90,2483.8,"3.21E+12","Q2",376
01-OCT-90,2443.3,"3.26E+12","Q4",382
01-NOV-90,2440.2,"3.27E+12","Q4",383
01-AUG-91,2456.1,"3.36E+12","Q3",392
01-OCT-91,2449.1,"3.36E+12","Q4",394
01-NOV-92,2411.3,"3.43E+12","Q4",407
01-FEB-94,2369.3,"3.48E+12","Q1",422
01-OCT-94,2332.2,"3.49E+12","Q4",430
01-NOV-94,2327.9,"3.49E+12","Q4",431
01-JUL-96,2380.3,"3.75E+12","Q3",451
01-MAR-97,2416.3,"3.86E+12","Q1",459
01-SEP-97,2464.7,"3.97E+12","Q3",465
01-MAY-98,2561.1,"4.16E+12","Q2",473
01-JAN-99,2673.1,"4.39E+12","Q1",481
01-FEB-99,2686.9,"4.42E+12","Q1",482
01-OCT-99,2731.4,"4.58E+12","Q4",490
01-FEB-00,2752.6,"4.67E+12","Q1",494
01-MAY-00,2776.8,"4.75E+12","Q2",497
01-JUL-00,2773.2,"4.78E+12","Q3",499
01-APR-02,3064.9,"5.50E+12","Q2",520
01-JAN-03,3178.9,"5.81E+12","Q1",529
01-DEC-03,3270.8,"6.06E+12","Q4",540
01-MAR-04,3287.1,"6.15E+12","Q1",543
01-JUN-04,3319.5,"6.27E+12","Q2",546
01-JUN-05,3358.7,"6.50E+12","Q2",558
01-AUG-05,3350.4,"6.56E+12","Q3",560
01-DEC-05,3373,"6.67E+12","Q4",564
01-JUL-06,3393.9,"6.87E+12","Q3",571
01-NOV-06,3479.4,"7.02E+12","Q4",575
01-FEB-07,3488.9,"7.12E+12","Q1",578
01-APR-07,3512,"7.22E+12","Q2",580
01-JUL-07,3520.7,"7.31E+12","Q3",583
01-FEB-09,3903.6,"8.35E+12","Q1",602
01-JUN-09,3929.7,"8.45E+12","Q2",606
01-OCT-09,3912.6,"8.48E+12","Q4",610
01-DEC-09,3909,"8.53E+12","Q4",612
01-NOV-10,3993.8,"8.78E+12","Q4",623
01-MAR-11,4009.7,"8.93E+12","Q1",627
01-APR-11,4018.4,"8.96E+12","Q2",628
01-DEC-11,4251.4,"9.64E+12","Q4",636
01-MAY-12,4341,"9.87E+12","Q2",641
01-JUL-12,4397.3,"1.00E+13","Q3",643
01-AUG-12,4402.1,"1.01E+13","Q3",644
01-NOV-12,4470.3,"1.03E+13","Q4",647
01-MAY-14,4778.4,"1.13E+13","Q2",665
01-MAR-15,5037.3,"1.18E+13","Q1",675
01-JUL-16,5367.6,"1.29E+13","Q3",691
01-AUG-17,5576.9,"","Q3",704
01-OCT-17,5583.4,"","Q4",706
01-AUG-18,5635,"","Q3",716
01-FEB-19,5712.1,"","Q1",722
01-MAY-19,5735.9,"","Q2",725
01-JUL-19,5804.3,"","Q3",727
01-OCT-22,7192.3,"","Q4",766
01-JAN-23,7058.3,"","Q1",769
01-FEB-60,1014.6,"2.99E+11","Q1",14
01-JUN-60,1020.9,"3.02E+11","Q2",18
01-APR-61,1073.1,"3.20E+11","Q2",28
01-AUG-61,1094.2,"3.28E+11","Q3",32
01-SEP-62,1166.7,"3.55E+11","Q3",45
01-MAR-63,1215,"3.71E+11","Q1",51
01-JUN-63,1236.2,"3.78E+11","Q2",54
01-MAY-64,1304.7,"4.04E+11","Q2",65
01-JUL-64,1322.1,"4.10E+11","Q3",67
01-APR-65,1387.5,"4.35E+11","Q2",76
01-JUN-65,1392.3,"4.40E+11","Q2",78
01-JAN-66,1449.2,"4.62E+11","Q1",85
01-FEB-66,1448.3,"4.65E+11","Q1",86
01-JAN-68,1546.6,"5.27E+11","Q1",109
01-NOV-68,1588.7,"5.62E+11","Q4",119
01-JAN-69,1594.7,"5.69E+11","Q1",121
01-JUN-69,1580.6,"5.79E+11","Q2",126
01-JUN-70,1534,"5.95E+11","Q2",138
01-JUN-71,1661.7,"6.73E+11","Q2",150
01-AUG-71,1684.3,"6.86E+11","Q3",152
01-MAY-72,1786.8,"7.43E+11","Q2",161
01-JUN-72,1797.8,"7.50E+11","Q2",162
01-OCT-72,1864.7,"7.87E+11","Q4",166
01-NOV-72,1872.4,"7.94E+11","Q4",167
01-OCT-73,1847.8,"8.43E+11","Q4",178
01-NOV-75,1820.8,"1.01E+12","Q4",203
01-JAN-76,1839.8,"1.03E+12","Q1",205
01-MAY-76,1900.9,"1.07E+12","Q2",209
01-AUG-76,1917.5,"1.10E+12","Q3",212
01-DEC-76,1972.6,"1.15E+12","Q4",216
01-JAN-77,1985,"1.17E+12","Q1",217
01-MAY-77,2008.3,"1.21E+12","Q2",221
01-SEP-77,2033,"1.25E+12","Q3",225
01-OCT-77,2035.7,"1.25E+12","Q4",226
01-DEC-77,2039,"1.27E+12","Q4",228
01-JUL-78,2021.5,"1.32E+12","Q3",235
01-MAY-79,1975.1,"1.41E+12","Q2",245
01-AUG-79,1962.8,"1.45E+12","Q3",248
01-FEB-80,1891.9,"1.49E+12","Q1",254
01-AUG-80,1876.8,"1.56E+12","Q3",260
01-FEB-81,1839.4,"1.62E+12","Q1",266
01-MAY-81,1855.3,"1.66E+12","Q2",269
01-JUN-81,1845.6,"1.67E+12","Q2",270
01-AUG-81,1837.6,"1.69E+12","Q3",272
01-NOV-81,1850.9,"1.74E+12","Q4",275
01-JAN-82,1875.4,"1.77E+12","Q1",277
01-JUN-82,1882.5,"1.83E+12","Q2",282
01-AUG-82,1888.6,"1.85E+12","Q3",284
01-FEB-83,2037.6,"2.00E+12","Q1",290
01-MAY-83,2059.6,"2.05E+12","Q2",293
01-FEB-84,2103.5,"2.16E+12","Q1",302
01-MAR-85,2215.5,"2.37E+12","Q1",315
01-JUN-85,2244.3,"2.42E+12","Q2",318
01-OCT-85,2274.7,"2.47E+12","Q4",322
01-DEC-85,2275.9,"2.49E+12","Q4",324
01-APR-86,2353.1,"2.56E+12","Q2",328
01-MAY-86,2371.4,"2.59E+12","Q2",329
01-AUG-86,2414.7,"2.65E+12","Q3",332
01-APR-87,2455.8,"2.77E+12","Q2",340
01-DEC-87,2445,"2.83E+12","Q4",348
01-JAN-89,2468.4,"3.00E+12","Q1",361
01-SEP-89,2478,"3.10E+12","Q3",369
01-OCT-89,2483.3,"3.12E+12","Q4",370
01-AUG-90,2463.5,"3.25E+12","Q3",380
01-APR-92,2438.8,"3.40E+12","Q2",400
01-JUN-92,2422.1,"3.40E+12","Q2",402
01-MAY-93,2383.4,"3.44E+12","Q2",413
01-JUN-93,2385.6,"3.45E+12","Q2",414
01-JUN-94,2352.6,"3.49E+12","Q2",426
01-MAY-95,2317,"3.53E+12","Q2",437
01-JUN-95,2328.7,"3.56E+12","Q2",438
01-MAY-96,2371.9,"3.72E+12","Q2",449
01-SEP-96,2380.1,"3.76E+12","Q3",453
01-APR-97,2424.6,"3.87E+12","Q2",460
01-OCT-97,2472,"3.99E+12","Q4",466
01-NOV-97,2482.9,"4.01E+12","Q4",467
01-JUL-98,2575.9,"4.20E+12","Q3",475
01-OCT-98,2628.2,"4.30E+12","Q4",478
01-DEC-98,2661.3,"4.37E+12","Q4",480
01-JUN-99,2715.2,"4.50E+12","Q2",486
01-SEP-99,2722.1,"4.56E+12","Q3",489
01-NOV-99,2737.8,"4.61E+12","Q4",491
01-DEC-99,2747.6,"4.63E+12","Q4",492
01-MAR-00,2754.5,"4.70E+12","Q1",495
01-AUG-00,2789.5,"4.81E+12","Q3",500
01-SEP-00,2795.6,"4.84E+12","Q3",501
01-APR-01,2911.5,"5.13E+12","Q2",508
01-JUL-01,2933.1,"5.20E+12","Q3",511
01-AUG-01,2952.2,"5.23E+12","Q3",512
01-NOV-01,3031.4,"5.38E+12","Q4",515
01-AUG-02,3120,"5.63E+12","Q3",524
01-JUL-03,3289.4,"6.05E+12","Q3",535
01-JAN-04,3261.1,"6.07E+12","Q1",541
01-SEP-05,3322.1,"6.59E+12","Q3",561
01-OCT-05,3334.3,"6.62E+12","Q4",562
01-JAN-06,3374,"6.71E+12","Q1",565
01-DEC-07,3533.6,"7.49E+12","Q4",588
01-JUL-08,3550.2,"7.80E+12","Q3",595
01-AUG-08,3562.2,"7.79E+12","Q3",596
01-SEP-08,3590.8,"7.89E+12","Q3",597
01-MAY-09,3957.7,"8.43E+12","Q2",605
01-AUG-10,3978.1,"8.65E+12","Q3",620
01-SEP-10,3985.8,"8.70E+12","Q3",621
01-AUG-11,4204.9,"9.46E+12","Q3",632
01-NOV-11,4231.5,"9.57E+12","Q4",635
01-FEB-13,4508.2,"1.04E+13","Q1",650
01-APR-13,4567.1,"1.05E+13","Q2",652
01-JUN-13,4594.1,"1.06E+13","Q2",654
01-JAN-14,4709.5,"1.10E+13","Q1",661
01-MAY-15,5045.5,"1.19E+13","Q2",677
01-APR-16,5314.2,"1.27E+13","Q2",688
01-MAY-16,5329.1,"1.27E+13","Q2",689
01-DEC-16,5445.7,"1.32E+13","Q4",696
01-MAY-17,5548.3,"","Q2",701
01-JUL-17,5575.9,"","Q3",703
01-OCT-18,5626.6,"","Q4",718
01-APR-19,5697.6,"","Q2",724
01-JUN-21,7579.3,"","Q2",750
01-JAN-59,987.9,"2.87E+11","Q1",1
01-APR-60,1015.9,"3.00E+11","Q2",16
01-SEP-60,1041.5,"3.08E+11","Q3",21
01-MAR-62,1137.2,"3.43E+11","Q1",39
01-APR-62,1143.7,"3.46E+11","Q2",40
01-MAY-62,1149.1,"3.48E+11","Q2",41
01-JUN-62,1156.2,"3.49E+11","Q2",42
01-AUG-62,1165.1,"3.53E+11","Q3",44
01-JAN-63,1199.7,"3.65E+11","Q1",49
01-AUG-63,1247.5,"3.84E+11","Q3",56
01-OCT-63,1262.8,"3.88E+11","Q4",58
01-FEB-65,1376,"4.30E+11","Q1",74
01-MAR-65,1383.6,"4.33E+11","Q1",75
01-AUG-65,1413,"4.46E+11","Q3",80
01-MAY-67,1502.1,"4.97E+11","Q2",101
01-SEP-67,1531.8,"5.15E+11","Q3",105
01-DEC-67,1543.5,"5.25E+11","Q4",108
01-SEP-69,1569,"5.82E+11","Q3",129
01-MAR-70,1533.4,"5.87E+11","Q1",135
01-OCT-70,1564.5,"6.16E+11","Q4",142
01-JAN-71,1586.2,"6.33E+11","Q1",145
01-NOV-71,1718.5,"7.05E+11","Q4",155
01-DEC-71,1728.2,"7.10E+11","Q4",156
01-APR-73,1875.7,"8.20E+11","Q2",172
01-SEP-74,1754.7,"8.88E+11","Q3",189
01-JUN-75,1800,"9.63E+11","Q2",198
01-SEP-75,1815.9,"9.92E+11","Q3",201
01-OCT-75,1817.5,"9.98E+11","Q4",202
01-NOV-76,1959,"1.14E+12","Q4",215
01-FEB-77,1985.8,"1.18E+12","Q1",218
01-JAN-78,2041,"1.28E+12","Q1",229
01-MAR-78,2038.2,"1.29E+12","Q1",231
01-MAY-78,2031.8,"1.31E+12","Q2",233
01-MAR-79,1985.4,"1.39E+12","Q1",243
01-MAR-80,1872.4,"1.50E+12","Q1",255
01-APR-81,1862.2,"1.66E+12","Q2",268
01-JUL-83,2068.9,"2.07E+12","Q3",295
01-SEP-83,2074.9,"2.09E+12","Q3",297
01-DEC-83,2094.2,"2.13E+12","Q4",300
01-FEB-85,2214.6,"2.36E+12","Q1",314
01-JUL-85,2255.8,"2.43E+12","Q3",319
01-JAN-86,2276.7,"2.50E+12","Q1",325
01-JUN-86,2381.2,"2.61E+12","Q2",330
01-SEP-90,2456.3,"3.26E+12","Q3",381
01-SEP-91,2448.8,"3.36E+12","Q3",393
01-NOV-91,2442.3,"3.37E+12","Q4",395
01-AUG-92,2413.9,"3.40E+12","Q3",404
01-SEP-92,2416.9,"3.41E+12","Q3",405
01-JUL-95,2337.7,"3.57E+12","Q3",439
01-OCT-95,2354,"3.62E+12","Q4",442
01-JAN-96,2358,"3.66E+12","Q1",445
01-JUN-96,2375.6,"3.73E+12","Q2",450
01-AUG-96,2381.7,"3.75E+12","Q3",452
01-JUL-97,2446.3,"3.92E+12","Q3",463
01-DEC-97,2492.5,"4.03E+12","Q4",468
01-JAN-98,2503.8,"4.05E+12","Q1",469
01-APR-98,2552.5,"4.13E+12","Q2",472
01-JUN-98,2570.1,"4.18E+12","Q2",474
01-APR-00,2788.8,"4.75E+12","Q2",496
01-DEC-00,2820.7,"4.91E+12","Q4",504
01-MAR-01,2880.2,"5.07E+12","Q1",507
01-NOV-02,3168.4,"5.75E+12","Q4",527
01-MAY-03,3258.2,"5.95E+12","Q2",533
01-OCT-03,3279.4,"6.06E+12","Q4",538
01-MAY-06,3381.5,"6.80E+12","Q2",569
01-MAR-07,3487.3,"7.15E+12","Q1",579
01-OCT-07,3545.7,"7.43E+12","Q4",586
01-NOV-08,3760.6,"8.05E+12","Q4",599
01-AUG-09,3919.8,"8.43E+12","Q3",608
01-MAR-10,3912.8,"8.51E+12","Q1",615
01-OCT-10,3994.5,"8.74E+12","Q4",622
01-MAY-11,4037,"9.05E+12","Q2",629
01-OCT-11,4217,"9.53E+12","Q4",634
01-JAN-12,4272,"9.71E+12","Q1",637
01-APR-12,4312.9,"9.83E+12","Q2",640
01-JUL-13,4602.1,"1.07E+13","Q3",655
01-SEP-13,4640.3,"1.08E+13","Q3",657
01-DEC-13,4701.4,"1.10E+13","Q4",660
01-OCT-14,4871.3,"1.15E+13","Q4",670
01-JUN-15,5050,"1.20E+13","Q2",678
01-JUL-15,5062.8,"1.20E+13","Q3",679
01-OCT-15,5130.1,"1.22E+13","Q4",682
01-MAR-17,5505.3,"1.34E+13","Q1",699
01-APR-17,5522.2,"","Q2",700
01-JUN-17,5553.3,"","Q2",702
01-OCT-19,5885.8,"","Q4",730
01-APR-20,6637.3,"","Q2",736
01-JUN-20,7055.5,"","Q2",738
01-NOV-20,7265.5,"","Q4",743
01-DEC-20,7294.5,"","Q4",744
01-JAN-22,7630,"","Q1",757
01-MAR-22,7547.9,"","Q1",759
01-AUG-22,7334.4,"","Q3",764
01-DEC-22,7143.4,"","Q4",768
01-MAR-19,5708,"","Q1",723
01-DEC-19,5924.1,"","Q4",732
01-DEC-21,7671.9,"","Q4",756
01-SEP-22,7258.5,"","Q3",765
01-MAR-61,1066.7,"3.18E+11","Q1",27
01-APR-69,1586,"5.76E+11","Q2",124
01-MAR-23,6905.2,"","Q1",771
01-NOV-86,2446.8,"2.70E+12","Q4",335
01-AUG-94,2339.4,"3.49E+12","Q3",428
01-OCT-00,2800,"4.86E+12","Q4",502
01-AUG-04,3335.4,"6.30E+12","Q3",548
01-SEP-06,3424.2,"6.93E+12","Q3",573
01-OCT-08,3670.7,"8.00E+12","Q4",598
01-MAR-77,1994.1,"1.19E+12","Q1",219
01-MAY-80,1851,"1.51E+12","Q2",257
01-MAR-83,2054.2,"2.02E+12","Q1",291
01-MAY-85,2229,"2.39E+12","Q2",317
01-OCT-87,2447.7,"2.82E+12","Q4",346
01-AUG-89,2469.4,"3.08E+12","Q3",368
01-APR-91,2466.6,"3.34E+12","Q2",388
01-AUG-87,2439.4,"2.79E+12","Q3",344
01-SEP-93,2380.8,"3.46E+12","Q3",417
01-OCT-96,2384.8,"3.78E+12","Q4",454
01-AUG-98,2587.9,"4.22E+12","Q3",476
01-MAR-03,3187.3,"5.86E+12","Q1",531
01-FEB-08,3568.9,"7.62E+12","Q1",590
