DATE,CC4WSA,,,
1/28/67,1118750,,,https://fred.stlouisfed.org/series/CC4WSA
2/4/67,1118000,,,
2/11/67,1126500,,,
2/18/67,1138500,,,
2/25/67,1162500,,,
3/4/67,1188500,,,
3/11/67,1208750,,,
3/18/67,1226000,,,
3/25/67,1243250,,,
4/1/67,1257250,,,
4/8/67,1267000,,,
4/15/67,1277500,,,
4/22/67,1279750,,,
4/29/67,1278500,,,
5/6/67,1287250,,,
5/13/67,1288750,,,
5/20/67,1285750,,,
5/27/67,1277500,,,
6/3/67,1266750,,,
6/10/67,1258500,,,
6/17/67,1254250,,,
6/24/67,1246000,,,
7/1/67,1228000,,,
7/8/67,1227250,,,
7/15/67,1229750,,,
7/22/67,1237750,,,
7/29/67,1259500,,,
8/5/67,1257500,,,
8/12/67,1246750,,,
8/19/67,1234250,,,
8/26/67,1209250,,,
9/2/67,1200250,,,
9/9/67,1193750,,,
9/16/67,1188000,,,
9/23/67,1187500,,,
9/30/67,1175750,,,
10/7/67,1169750,,,
10/14/67,1172250,,,
10/21/67,1171250,,,
10/28/67,1172250,,,
11/4/67,1175000,,,
11/11/67,1163250,,,
11/18/67,1153000,,,
11/25/67,1148250,,,
12/2/67,1141750,,,
12/9/67,1144500,,,
12/16/67,1158250,,,
12/23/67,1171500,,,
12/30/67,1175750,,,
1/6/68,1177000,,,
1/13/68,1176750,,,
1/20/68,1175750,,,
1/27/68,1173250,,,
2/3/68,1177000,,,
2/10/68,1174000,,,
2/17/68,1162000,,,
2/24/68,1164000,,,
3/2/68,1158500,,,
3/9/68,1151500,,,
3/16/68,1151500,,,
3/23/68,1144250,,,
3/30/68,1136250,,,
4/6/68,1119250,,,
4/13/68,1103250,,,
4/20/68,1084000,,,
4/27/68,1076000,,,
5/4/68,1076000,,,
5/11/68,1079000,,,
5/18/68,1082000,,,
5/25/68,1078500,,,
6/1/68,1074500,,,
6/8/68,1076000,,,
6/15/68,1076000,,,
6/22/68,1072750,,,
6/29/68,1066500,,,
7/6/68,1066500,,,
7/13/68,1067750,,,
7/20/68,1061000,,,
7/27/68,1060500,,,
8/3/68,1054250,,,
8/10/68,1057250,,,
8/17/68,1075750,,,
8/24/68,1090250,,,
8/31/68,1088250,,,
9/7/68,1083000,,,
9/14/68,1067250,,,
9/21/68,1055500,,,
9/28/68,1051500,,,
10/5/68,1049750,,,
10/12/68,1050000,,,
10/19/68,1047000,,,
10/26/68,1043250,,,
11/2/68,1035250,,,
11/9/68,1031000,,,
11/16/68,1041250,,,
11/23/68,1038750,,,
11/30/68,1045750,,,
12/7/68,1054500,,,
12/14/68,1050750,,,
12/21/68,1060750,,,
12/28/68,1075750,,,
1/4/69,1089500,,,
1/11/69,1099000,,,
1/18/69,1101250,,,
1/25/69,1091500,,,
2/1/69,1086750,,,
2/8/69,1084000,,,
2/15/69,1094750,,,
2/22/69,1098500,,,
3/1/69,1098250,,,
3/8/69,1101000,,,
3/15/69,1092250,,,
3/22/69,1087000,,,
3/29/69,1072750,,,
4/5/69,1067000,,,
4/12/69,1059500,,,
4/19/69,1048000,,,
4/26/69,1035750,,,
5/3/69,1017500,,,
5/10/69,1009500,,,
5/17/69,1005000,,,
5/24/69,1008500,,,
5/31/69,1004750,,,
6/7/69,998250,,,
6/14/69,999000,,,
6/21/69,1000500,,,
6/28/69,1008750,,,
7/5/69,1028750,,,
7/12/69,1049250,,,
7/19/69,1064250,,,
7/26/69,1086500,,,
8/2/69,1100000,,,
8/9/69,1100250,,,
8/16/69,1099000,,,
8/23/69,1086500,,,
8/30/69,1073500,,,
9/6/69,1078000,,,
9/13/69,1081750,,,
9/20/69,1087500,,,
9/27/69,1090500,,,
10/4/69,1088500,,,
10/11/69,1093000,,,
10/18/69,1101750,,,
10/25/69,1114250,,,
11/1/69,1124250,,,
11/8/69,1135750,,,
11/15/69,1151500,,,
11/22/69,1157000,,,
11/29/69,1174000,,,
12/6/69,1194000,,,
12/13/69,1207000,,,
12/20/69,1230500,,,
12/27/69,1253750,,,
1/3/70,1280250,,,
1/10/70,1310250,,,
1/17/70,1340000,,,
1/24/70,1361000,,,
1/31/70,1374250,,,
2/7/70,1385250,,,
2/14/70,1403750,,,
2/21/70,1409750,,,
2/28/70,1421000,,,
3/7/70,1432500,,,
3/14/70,1435250,,,
3/21/70,1456750,,,
3/28/70,1483500,,,
4/4/70,1516000,,,
4/11/70,1548500,,,
4/18/70,1587250,,,
4/25/70,1640000,,,
5/2/70,1699500,,,
5/9/70,1764750,,,
5/16/70,1811500,,,
5/23/70,1831250,,,
5/30/70,1830250,,,
6/6/70,1822750,,,
6/13/70,1825750,,,
6/20/70,1835000,,,
6/27/70,1849750,,,
7/4/70,1858750,,,
7/11/70,1862750,,,
7/18/70,1866000,,,
7/25/70,1879000,,,
8/1/70,1890750,,,
8/8/70,1896250,,,
8/15/70,1910250,,,
8/22/70,1923250,,,
8/29/70,1949500,,,
9/5/70,1976000,,,
9/12/70,2009750,,,
9/19/70,2034500,,,
9/26/70,2056250,,,
10/3/70,2098250,,,
10/10/70,2133000,,,
10/17/70,2168250,,,
10/24/70,2209500,,,
10/31/70,2226750,,,
11/7/70,2244750,,,
11/14/70,2278000,,,
11/21/70,2285000,,,
11/28/70,2299750,,,
12/5/70,2299000,,,
12/12/70,2261500,,,
12/19/70,2246250,,,
12/26/70,2210000,,,
1/2/71,2166500,,,
1/9/71,2149250,,,
1/16/71,2118250,,,
1/23/71,2104250,,,
1/30/71,2100250,,,
2/6/71,2099250,,,
2/13/71,2094000,,,
2/20/71,2101250,,,
2/27/71,2100000,,,
3/6/71,2103000,,,
3/13/71,2114750,,,
3/20/71,2119750,,,
3/27/71,2138750,,,
4/3/71,2139500,,,
4/10/71,2147000,,,
4/17/71,2152750,,,
4/24/71,2145250,,,
5/1/71,2150750,,,
5/8/71,2156500,,,
5/15/71,2160500,,,
5/22/71,2170500,,,
5/29/71,2174000,,,
6/5/71,2177750,,,
6/12/71,2182750,,,
6/19/71,2186500,,,
6/26/71,2186750,,,
7/3/71,2167250,,,
7/10/71,2150000,,,
7/17/71,2126250,,,
7/24/71,2115500,,,
7/31/71,2124000,,,
8/7/71,2135000,,,
8/14/71,2163750,,,
8/21/71,2178000,,,
8/28/71,2187500,,,
9/4/71,2201000,,,
9/11/71,2213000,,,
9/18/71,2228000,,,
9/25/71,2239250,,,
10/2/71,2236250,,,
10/9/71,2235500,,,
10/16/71,2221500,,,
10/23/71,2207250,,,
10/30/71,2201750,,,
11/6/71,2191000,,,
11/13/71,2177000,,,
11/20/71,2166500,,,
11/27/71,2145750,,,
12/4/71,2124000,,,
12/11/71,2111750,,,
12/18/71,2105500,,,
12/25/71,2087000,,,
1/1/72,2041250,,,
1/8/72,2002750,,,
1/15/72,1956250,,,
1/22/72,1923750,,,
1/29/72,1920500,,,
2/5/72,1923000,,,
2/12/72,1932250,,,
2/19/72,1931000,,,
2/26/72,1926500,,,
3/4/72,1917500,,,
3/11/72,1904000,,,
3/18/72,1905250,,,
3/25/72,1898750,,,
4/1/72,1900750,,,
4/8/72,1901750,,,
4/15/72,1897750,,,
4/22/72,1892250,,,
4/29/72,1881500,,,
5/6/72,1877250,,,
5/13/72,1873000,,,
5/20/72,1875000,,,
5/27/72,1875250,,,
6/3/72,1866250,,,
6/10/72,1865250,,,
6/17/72,1863250,,,
6/24/72,1863250,,,
7/1/72,1882750,,,
7/8/72,1909500,,,
7/15/72,1932500,,,
7/22/72,1955250,,,
7/29/72,1953500,,,
8/5/72,1923000,,,
8/12/72,1889250,,,
8/19/72,1847250,,,
8/26/72,1813250,,,
9/2/72,1809000,,,
9/9/72,1806500,,,
9/16/72,1807750,,,
9/23/72,1807500,,,
9/30/72,1788750,,,
10/7/72,1781000,,,
10/14/72,1771250,,,
10/21/72,1756750,,,
10/28/72,1753500,,,
11/4/72,1741250,,,
11/11/72,1735250,,,
11/18/72,1733750,,,
11/25/72,1732000,,,
12/2/72,1720500,,,
12/9/72,1706750,,,
12/16/72,1714000,,,
12/23/72,1702500,,,
12/30/72,1699250,,,
1/6/73,1683250,,,
1/13/73,1659250,,,
1/20/73,1636750,,,
1/27/73,1621250,,,
2/3/73,1616000,,,
2/10/73,1599500,,,
2/17/73,1593250,,,
2/24/73,1588500,,,
3/3/73,1584250,,,
3/10/73,1581750,,,
3/17/73,1580750,,,
3/24/73,1575750,,,
3/31/73,1567750,,,
4/7/73,1559750,,,
4/14/73,1550000,,,
4/21/73,1552750,,,
4/28/73,1553750,,,
5/5/73,1555750,,,
5/12/73,1560250,,,
5/19/73,1555250,,,
5/26/73,1559250,,,
6/2/73,1558250,,,
6/9/73,1559750,,,
6/16/73,1565500,,,
6/23/73,1566250,,,
6/30/73,1570000,,,
7/7/73,1580500,,,
7/14/73,1587750,,,
7/21/73,1593750,,,
7/28/73,1601750,,,
8/4/73,1608750,,,
8/11/73,1627250,,,
8/18/73,1646750,,,
8/25/73,1664750,,,
9/1/73,1676750,,,
9/8/73,1679000,,,
9/15/73,1677500,,,
9/22/73,1673250,,,
9/29/73,1667500,,,
10/6/73,1659750,,,
10/13/73,1663000,,,
10/20/73,1660000,,,
10/27/73,1664250,,,
11/3/73,1667250,,,
11/10/73,1673000,,,
11/17/73,1686000,,,
11/24/73,1706000,,,
12/1/73,1711750,,,
12/8/73,1715500,,,
12/15/73,1735750,,,
12/22/73,1756000,,,
12/29/73,1784250,,,
1/5/74,1838500,,,
1/12/74,1881000,,,
1/19/74,1920750,,,
1/26/74,1957000,,,
2/2/74,1964250,,,
2/9/74,1979500,,,
2/16/74,1993000,,,
2/23/74,2012250,,,
3/2/74,2026500,,,
3/9/74,2037500,,,
3/16/74,2042250,,,
3/23/74,2054000,,,
3/30/74,2064500,,,
4/6/74,2067500,,,
4/13/74,2068500,,,
4/20/74,2070250,,,
4/27/74,2066000,,,
5/4/74,2063500,,,
5/11/74,2055750,,,
5/18/74,2048750,,,
5/25/74,2051750,,,
6/1/74,2057500,,,
6/8/74,2064000,,,
6/15/74,2074500,,,
6/22/74,2076750,,,
6/29/74,2075500,,,
7/6/74,2098750,,,
7/13/74,2106250,,,
7/20/74,2117000,,,
7/27/74,2122750,,,
8/3/74,2119500,,,
8/10/74,2131000,,,
8/17/74,2145750,,,
8/24/74,2164500,,,
8/31/74,2180500,,,
9/7/74,2204000,,,
9/14/74,2230500,,,
9/21/74,2255750,,,
9/28/74,2279500,,,
10/5/74,2303250,,,
10/12/74,2333750,,,
10/19/74,2395250,,,
10/26/74,2448750,,,
11/2/74,2514500,,,
11/9/74,2590250,,,
11/16/74,2676000,,,
11/23/74,2733000,,,
11/30/74,2848750,,,
12/7/74,2968500,,,
12/14/74,3075750,,,
12/21/74,3213750,,,
12/28/74,3291250,,,
1/4/75,3385250,,,
1/11/75,3451750,,,
1/18/75,3541250,,,
1/25/75,3619250,,,
2/1/75,3665250,,,
2/8/75,3740000,,,
2/15/75,3791250,,,
2/22/75,3856500,,,
3/1/75,3927750,,,
3/8/75,4000500,,,
3/15/75,4083500,,,
3/22/75,4141500,,,
3/29/75,4213250,,,
4/5/75,4283500,,,
4/12/75,4347000,,,
4/19/75,4421000,,,
4/26/75,4473500,,,
5/3/75,4517500,,,
5/10/75,4554500,,,
5/17/75,4578250,,,
5/24/75,4563500,,,
5/31/75,4571750,,,
6/7/75,4543500,,,
6/14/75,4527750,,,
6/21/75,4514000,,,
6/28/75,4377250,,,
7/5/75,4316000,,,
7/12/75,4198000,,,
7/19/75,4148500,,,
7/26/75,4144750,,,
8/2/75,4088750,,,
8/9/75,4081500,,,
8/16/75,4013000,,,
8/23/75,3979250,,,
8/30/75,3939000,,,
9/6/75,3924250,,,
9/13/75,3910750,,,
9/20/75,3895750,,,
9/27/75,3895000,,,
10/4/75,3869750,,,
10/11/75,3818500,,,
10/18/75,3778500,,,
10/25/75,3731250,,,
11/1/75,3666000,,,
11/8/75,3633750,,,
11/15/75,3591500,,,
11/22/75,3520250,,,
11/29/75,3466250,,,
12/6/75,3412500,,,
12/13/75,3341250,,,
12/20/75,3278000,,,
12/27/75,3198250,,,
1/3/76,3169000,,,
1/10/76,3123500,,,
1/17/76,3099000,,,
1/24/76,3070250,,,
1/31/76,2990500,,,
2/7/76,2947500,,,
2/14/76,2907750,,,
2/21/76,2884000,,,
2/28/76,2865750,,,
3/6/76,2851000,,,
3/13/76,2843500,,,
3/20/76,2841000,,,
3/27/76,2843000,,,
4/3/76,2844500,,,
4/10/76,2845250,,,
4/17/76,2854750,,,
4/24/76,2872250,,,
5/1/76,2892500,,,
5/8/76,2917750,,,
5/15/76,2932000,,,
5/22/76,2947250,,,
5/29/76,2941250,,,
6/5/76,2948500,,,
6/12/76,2949250,,,
6/19/76,2959750,,,
6/26/76,2989500,,,
7/3/76,2986500,,,
7/10/76,2997750,,,
7/17/76,2999750,,,
7/24/76,2995750,,,
7/31/76,3005250,,,
8/7/76,3008250,,,
8/14/76,3003000,,,
8/21/76,2994000,,,
8/28/76,3015250,,,
9/4/76,3010500,,,
9/11/76,3036000,,,
9/18/76,3064500,,,
9/25/76,3070000,,,
10/2/76,3099000,,,
10/9/76,3105750,,,
10/16/76,3100000,,,
10/23/76,3096250,,,
10/30/76,3090250,,,
11/6/76,3080250,,,
11/13/76,3077750,,,
11/20/76,3071000,,,
11/27/76,3055750,,,
12/4/76,3034500,,,
12/11/76,3013000,,,
12/18/76,2972750,,,
12/25/76,2923500,,,
1/1/77,2879500,,,
1/8/77,2826000,,,
1/15/77,2811250,,,
1/22/77,2814250,,,
1/29/77,2829500,,,
2/5/77,2877500,,,
2/12/77,2893250,,,
2/19/77,2877750,,,
2/26/77,2849000,,,
3/5/77,2789250,,,
3/12/77,2745250,,,
3/19/77,2726000,,,
3/26/77,2702750,,,
4/2/77,2687250,,,
4/9/77,2684500,,,
4/16/77,2680750,,,
4/23/77,2678000,,,
4/30/77,2675250,,,
5/7/77,2650500,,,
5/14/77,2639250,,,
5/21/77,2636000,,,
5/28/77,2631250,,,
6/4/77,2639250,,,
6/11/77,2627750,,,
6/18/77,2621500,,,
6/25/77,2619250,,,
7/2/77,2599750,,,
7/9/77,2593250,,,
7/16/77,2585500,,,
7/23/77,2577500,,,
7/30/77,2585750,,,
8/6/77,2596250,,,
8/13/77,2603000,,,
8/20/77,2610000,,,
8/27/77,2610500,,,
9/3/77,2602000,,,
9/10/77,2597750,,,
9/17/77,2596000,,,
9/24/77,2589500,,,
10/1/77,2592500,,,
10/8/77,2586000,,,
10/15/77,2578500,,,
10/22/77,2573500,,,
10/29/77,2574500,,,
11/5/77,2564500,,,
11/12/77,2568750,,,
11/19/77,2560250,,,
11/26/77,2568500,,,
12/3/77,2561000,,,
12/10/77,2545250,,,
12/17/77,2553000,,,
12/24/77,2518500,,,
12/31/77,2507500,,,
1/7/78,2489250,,,
1/14/78,2454250,,,
1/21/78,2464250,,,
1/28/78,2493500,,,
2/4/78,2496500,,,
2/11/78,2556000,,,
2/18/78,2561750,,,
2/25/78,2555500,,,
3/4/78,2570750,,,
3/11/78,2538250,,,
3/18/78,2519750,,,
3/25/78,2499750,,,
4/1/78,2480750,,,
4/8/78,2448500,,,
4/15/78,2415500,,,
4/22/78,2369000,,,
4/29/78,2323750,,,
5/6/78,2286000,,,
5/13/78,2259000,,,
5/20/78,2246750,,,
5/27/78,2231500,,,
6/3/78,2226000,,,
6/10/78,2215500,,,
6/17/78,2212250,,,
6/24/78,2221750,,,
7/1/78,2226250,,,
7/8/78,2261750,,,
7/15/78,2287500,,,
7/22/78,2305500,,,
7/29/78,2331000,,,
8/5/78,2347000,,,
8/12/78,2370500,,,
8/19/78,2391500,,,
8/26/78,2398000,,,
9/2/78,2383250,,,
9/9/78,2347250,,,
9/16/78,2313750,,,
9/23/78,2283000,,,
9/30/78,2253250,,,
10/7/78,2238500,,,
10/14/78,2239250,,,
10/21/78,2229250,,,
10/28/78,2230500,,,
11/4/78,2222750,,,
11/11/78,2204250,,,
11/18/78,2192000,,,
11/25/78,2223750,,,
12/2/78,2238750,,,
12/9/78,2261750,,,
12/16/78,2304250,,,
12/23/78,2286000,,,
12/30/78,2296250,,,
1/6/79,2314750,,,
1/13/79,2324750,,,
1/20/79,2356500,,,
1/27/79,2382500,,,
2/3/79,2393750,,,
2/10/79,2404750,,,
2/17/79,2399750,,,
2/24/79,2414250,,,
3/3/79,2424250,,,
3/10/79,2424500,,,
3/17/79,2423000,,,
3/24/79,2398500,,,
3/31/79,2369500,,,
4/7/79,2358250,,,
4/14/79,2380750,,,
4/21/79,2394500,,,
4/28/79,2398500,,,
5/5/79,2379500,,,
5/12/79,2328000,,,
5/19/79,2285500,,,
5/26/79,2259250,,,
6/2/79,2251250,,,
6/9/79,2237750,,,
6/16/79,2236750,,,
6/23/79,2244000,,,
6/30/79,2249500,,,
7/7/79,2289750,,,
7/14/79,2320250,,,
7/21/79,2335250,,,
7/28/79,2358500,,,
8/4/79,2372000,,,
8/11/79,2399500,,,
8/18/79,2434250,,,
8/25/79,2458250,,,
9/1/79,2464750,,,
9/8/79,2456250,,,
9/15/79,2445500,,,
9/22/79,2428750,,,
9/29/79,2423250,,,
10/6/79,2422250,,,
10/13/79,2448250,,,
10/20/79,2466000,,,
10/27/79,2490000,,,
11/3/79,2525250,,,
11/10/79,2525750,,,
11/17/79,2571000,,,
11/24/79,2602500,,,
12/1/79,2634750,,,
12/8/79,2671750,,,
12/15/79,2685750,,,
12/22/79,2692250,,,
12/29/79,2699000,,,
1/5/80,2715000,,,
1/12/80,2731500,,,
1/19/80,2758750,,,
1/26/80,2781750,,,
2/2/80,2810500,,,
2/9/80,2832750,,,
2/16/80,2856250,,,
2/23/80,2868500,,,
3/1/80,2864500,,,
3/8/80,2868500,,,
3/15/80,2871250,,,
3/22/80,2885000,,,
3/29/80,2889500,,,
4/5/80,2920500,,,
4/12/80,2969750,,,
4/19/80,3036500,,,
4/26/80,3126500,,,
5/3/80,3208250,,,
5/10/80,3291250,,,
5/17/80,3380250,,,
5/24/80,3498250,,,
5/31/80,3597500,,,
6/7/80,3688500,,,
6/14/80,3747250,,,
6/21/80,3787250,,,
6/28/80,3832500,,,
7/5/80,3843000,,,
7/12/80,3857250,,,
7/19/80,3860750,,,
7/26/80,3845500,,,
8/2/80,3837000,,,
8/9/80,3843500,,,
8/16/80,3828750,,,
8/23/80,3804500,,,
8/30/80,3809250,,,
9/6/80,3768250,,,
9/13/80,3739750,,,
9/20/80,3725750,,,
9/27/80,3693500,,,
10/4/80,3687000,,,
10/11/80,3649500,,,
10/18/80,3594250,,,
10/25/80,3556250,,,
11/1/80,3486000,,,
11/8/80,3443750,,,
11/15/80,3389500,,,
11/22/80,3333500,,,
11/29/80,3278000,,,
12/6/80,3229250,,,
12/13/80,3195500,,,
12/20/80,3133750,,,
12/27/80,3125500,,,
1/3/81,3110000,,,
1/10/81,3099250,,,
1/17/81,3091000,,,
1/24/81,3054000,,,
1/31/81,3017000,,,
2/7/81,2982750,,,
2/14/81,2987750,,,
2/21/81,2996500,,,
2/28/81,2978000,,,
3/7/81,2974500,,,
3/14/81,2940000,,,
3/21/81,2905500,,,
3/28/81,2899250,,,
4/4/81,2885250,,,
4/11/81,2859000,,,
4/18/81,2852750,,,
4/25/81,2857000,,,
5/2/81,2874250,,,
5/9/81,2896000,,,
5/16/81,2897250,,,
5/23/81,2889500,,,
5/30/81,2894000,,,
6/6/81,2891500,,,
6/13/81,2892000,,,
6/20/81,2898000,,,
6/27/81,2903250,,,
7/4/81,2905500,,,
7/11/81,2900000,,,
7/18/81,2904000,,,
7/25/81,2883000,,,
8/1/81,2878250,,,
8/8/81,2916500,,,
8/15/81,2932500,,,
8/22/81,2947000,,,
8/29/81,2968750,,,
9/5/81,2947750,,,
9/12/81,2969000,,,
9/19/81,2983250,,,
9/26/81,3013000,,,
10/3/81,3051750,,,
10/10/81,3063500,,,
10/17/81,3086000,,,
10/24/81,3113000,,,
10/31/81,3141500,,,
11/7/81,3187500,,,
11/14/81,3234250,,,
11/21/81,3293000,,,
11/28/81,3337250,,,
12/5/81,3396000,,,
12/12/81,3422500,,,
12/19/81,3456250,,,
12/26/81,3525250,,,
1/2/82,3526750,,,
1/9/82,3527000,,,
1/16/82,3545250,,,
1/23/82,3536750,,,
1/30/82,3536250,,,
2/6/82,3591000,,,
2/13/82,3557500,,,
2/20/82,3547500,,,
2/27/82,3555500,,,
3/6/82,3556000,,,
3/13/82,3584750,,,
3/20/82,3615250,,,
3/27/82,3655500,,,
4/3/82,3680750,,,
4/10/82,3739750,,,
4/17/82,3810500,,,
4/24/82,3864500,,,
5/1/82,3924500,,,
5/8/82,3957250,,,
5/15/82,3957500,,,
5/22/82,4000750,,,
5/29/82,3999750,,,
6/5/82,4030250,,,
6/12/82,4068500,,,
6/19/82,4069000,,,
6/26/82,4094250,,,
7/3/82,4105500,,,
7/10/82,4081500,,,
7/17/82,4092250,,,
7/24/82,4116750,,,
7/31/82,4092000,,,
8/7/82,4133500,,,
8/14/82,4155000,,,
8/21/82,4191250,,,
8/28/82,4260250,,,
9/4/82,4301500,,,
9/11/82,4354250,,,
9/18/82,4396250,,,
9/25/82,4452750,,,
10/2/82,4521000,,,
10/9/82,4582000,,,
10/16/82,4614750,,,
10/23/82,4650750,,,
10/30/82,4642250,,,
11/6/82,4648250,,,
11/13/82,4637000,,,
11/20/82,4639250,,,
11/27/82,4601000,,,
12/4/82,4550000,,,
12/11/82,4496250,,,
12/18/82,4415250,,,
12/25/82,4400000,,,
1/1/83,4275250,,,
1/8/83,4161750,,,
1/15/83,4056500,,,
1/22/83,3926250,,,
1/29/83,3896250,,,
2/5/83,3894250,,,
2/12/83,3873000,,,
2/19/83,3862750,,,
2/26/83,3859250,,,
3/5/83,3839250,,,
3/12/83,3819750,,,
3/19/83,3803000,,,
3/26/83,3767500,,,
4/2/83,3758000,,,
4/9/83,3764750,,,
4/16/83,3762750,,,
4/23/83,3769750,,,
4/30/83,3760500,,,
5/7/83,3735500,,,
5/14/83,3705750,,,
5/21/83,3690500,,,
5/28/83,3624250,,,
6/4/83,3582750,,,
6/11/83,3539750,,,
6/18/83,3477500,,,
6/25/83,3455500,,,
7/2/83,3378250,,,
7/9/83,3321500,,,
7/16/83,3262500,,,
7/23/83,3209000,,,
7/30/83,3177250,,,
8/6/83,3147250,,,
8/13/83,3120000,,,
8/20/83,3114000,,,
8/27/83,3105750,,,
9/3/83,3093000,,,
9/10/83,3068000,,,
9/17/83,3033500,,,
9/24/83,3007000,,,
10/1/83,2974750,,,
10/8/83,2955250,,,
10/15/83,2935250,,,
10/22/83,2913500,,,
10/29/83,2897000,,,
11/5/83,2852250,,,
11/12/83,2821250,,,
11/19/83,2819500,,,
11/26/83,2787750,,,
12/3/83,2784500,,,
12/10/83,2753750,,,
12/17/83,2733000,,,
12/24/83,2729250,,,
12/31/83,2706000,,,
1/7/84,2686500,,,
1/14/84,2618000,,,
1/21/84,2571250,,,
1/28/84,2549250,,,
2/4/84,2535000,,,
2/11/84,2517750,,,
2/18/84,2491250,,,
2/25/84,2469500,,,
3/3/84,2447000,,,
3/10/84,2441500,,,
3/17/84,2441750,,,
3/24/84,2427500,,,
3/31/84,2420250,,,
4/7/84,2418750,,,
4/14/84,2411250,,,
4/21/84,2416500,,,
4/28/84,2422250,,,
5/5/84,2423500,,,
5/12/84,2421000,,,
5/19/84,2413000,,,
5/26/84,2385000,,,
6/2/84,2372250,,,
6/9/84,2373500,,,
6/16/84,2364250,,,
6/23/84,2368250,,,
6/30/84,2355750,,,
7/7/84,2351750,,,
7/14/84,2353500,,,
7/21/84,2353000,,,
7/28/84,2353000,,,
8/4/84,2342250,,,
8/11/84,2347000,,,
8/18/84,2366750,,,
8/25/84,2385750,,,
9/1/84,2405250,,,
9/8/84,2416500,,,
9/15/84,2421000,,,
9/22/84,2425000,,,
9/29/84,2441000,,,
10/6/84,2446000,,,
10/13/84,2472000,,,
10/20/84,2499000,,,
10/27/84,2524000,,,
11/3/84,2554750,,,
11/10/84,2556500,,,
11/17/84,2585500,,,
11/24/84,2584250,,,
12/1/84,2572000,,,
12/8/84,2583000,,,
12/15/84,2570250,,,
12/22/84,2549750,,,
12/29/84,2551500,,,
1/5/85,2552500,,,
1/12/85,2539750,,,
1/19/85,2536000,,,
1/26/85,2552250,,,
2/2/85,2562000,,,
2/9/85,2578250,,,
2/16/85,2613500,,,
2/23/85,2623500,,,
3/2/85,2608250,,,
3/9/85,2604000,,,
3/16/85,2595250,,,
3/23/85,2574000,,,
3/30/85,2562750,,,
4/6/85,2557250,,,
4/13/85,2562750,,,
4/20/85,2569750,,,
4/27/85,2578750,,,
5/4/85,2582000,,,
5/11/85,2574250,,,
5/18/85,2565000,,,
5/25/85,2560750,,,
6/1/85,2563000,,,
6/8/85,2561750,,,
6/15/85,2562250,,,
6/22/85,2563500,,,
6/29/85,2542000,,,
7/6/85,2553250,,,
7/13/85,2545750,,,
7/20/85,2538250,,,
7/27/85,2542500,,,
8/3/85,2519750,,,
8/10/85,2531250,,,
8/17/85,2544750,,,
8/24/85,2554500,,,
8/31/85,2573750,,,
9/7/85,2581500,,,
9/14/85,2585500,,,
9/21/85,2573500,,,
9/28/85,2580500,,,
10/5/85,2595750,,,
10/12/85,2590500,,,
10/19/85,2623250,,,
10/26/85,2631750,,,
11/2/85,2635750,,,
11/9/85,2646500,,,
11/16/85,2640000,,,
11/23/85,2622000,,,
11/30/85,2613250,,,
12/7/85,2646250,,,
12/14/85,2661750,,,
12/21/85,2651250,,,
12/28/85,2643750,,,
1/4/86,2631250,,,
1/11/86,2620250,,,
1/18/86,2613500,,,
1/25/86,2604000,,,
2/1/86,2563250,,,
2/8/86,2541250,,,
2/15/86,2554500,,,
2/22/86,2568500,,,
3/1/86,2578250,,,
3/8/86,2592000,,,
3/15/86,2597000,,,
3/22/86,2588500,,,
3/29/86,2599500,,,
4/5/86,2605000,,,
4/12/86,2600250,,,
4/19/86,2605500,,,
4/26/86,2608750,,,
5/3/86,2620000,,,
5/10/86,2645000,,,
5/17/86,2659000,,,
5/24/86,2661750,,,
5/31/86,2671250,,,
6/7/86,2667000,,,
6/14/86,2660750,,,
6/21/86,2660500,,,
6/28/86,2635000,,,
7/5/86,2639000,,,
7/12/86,2616000,,,
7/19/86,2605000,,,
7/26/86,2608000,,,
8/2/86,2586500,,,
8/9/86,2620000,,,
8/16/86,2636250,,,
8/23/86,2653500,,,
8/30/86,2673750,,,
9/6/86,2691250,,,
9/13/86,2694500,,,
9/20/86,2698500,,,
9/27/86,2707000,,,
10/4/86,2713000,,,
10/11/86,2711500,,,
10/18/86,2716500,,,
10/25/86,2718750,,,
11/1/86,2685250,,,
11/8/86,2672500,,,
11/15/86,2655000,,,
11/22/86,2617000,,,
11/29/86,2627000,,,
12/6/86,2632000,,,
12/13/86,2615500,,,
12/20/86,2601500,,,
12/27/86,2571250,,,
1/3/87,2560250,,,
1/10/87,2540500,,,
1/17/87,2526500,,,
1/24/87,2511750,,,
1/31/87,2493000,,,
2/7/87,2490000,,,
2/14/87,2492000,,,
2/21/87,2485750,,,
2/28/87,2472000,,,
3/7/87,2462000,,,
3/14/87,2461750,,,
3/21/87,2441750,,,
3/28/87,2429250,,,
4/4/87,2435750,,,
4/11/87,2414750,,,
4/18/87,2417000,,,
4/25/87,2411000,,,
5/2/87,2366000,,,
5/9/87,2361250,,,
5/16/87,2340250,,,
5/23/87,2312500,,,
5/30/87,2329500,,,
6/6/87,2307500,,,
6/13/87,2295500,,,
6/20/87,2291250,,,
6/27/87,2279000,,,
7/4/87,2257500,,,
7/11/87,2226750,,,
7/18/87,2215000,,,
7/25/87,2196500,,,
8/1/87,2211250,,,
8/8/87,2238250,,,
8/15/87,2234000,,,
8/22/87,2219750,,,
8/29/87,2206500,,,
9/5/87,2172000,,,
9/12/87,2166500,,,
9/19/87,2206750,,,
9/26/87,2196750,,,
10/3/87,2203250,,,
10/10/87,2185500,,,
10/17/87,2116250,,,
10/24/87,2073000,,,
10/31/87,2020750,,,
11/7/87,2009000,,,
11/14/87,2017750,,,
11/21/87,2042250,,,
11/28/87,2082250,,,
12/5/87,2100000,,,
12/12/87,2095750,,,
12/19/87,2106000,,,
12/26/87,2115500,,,
1/2/88,2108250,,,
1/9/88,2143000,,,
1/16/88,2163250,,,
1/23/88,2181750,,,
1/30/88,2211000,,,
2/6/88,2198250,,,
2/13/88,2197750,,,
2/20/88,2167000,,,
2/27/88,2141500,,,
3/5/88,2133250,,,
3/12/88,2115250,,,
3/19/88,2120500,,,
3/26/88,2112000,,,
4/2/88,2096750,,,
4/9/88,2094750,,,
4/16/88,2084750,,,
4/23/88,2082250,,,
4/30/88,2080000,,,
5/7/88,2068750,,,
5/14/88,2067750,,,
5/21/88,2075750,,,
5/28/88,2067750,,,
6/4/88,2063000,,,
6/11/88,2063000,,,
6/18/88,2046750,,,
6/25/88,2043000,,,
7/2/88,2041750,,,
7/9/88,2031500,,,
7/16/88,2041250,,,
7/23/88,2054500,,,
7/30/88,2072750,,,
8/6/88,2091250,,,
8/13/88,2090500,,,
8/20/88,2094500,,,
8/27/88,2088000,,,
9/3/88,2085500,,,
9/10/88,2081250,,,
9/17/88,2083000,,,
9/24/88,2075750,,,
10/1/88,2063250,,,
10/8/88,2054250,,,
10/15/88,2026250,,,
10/22/88,2015750,,,
10/29/88,2009250,,,
11/5/88,1979500,,,
11/12/88,1983750,,,
11/19/88,1976250,,,
11/26/88,1978250,,,
12/3/88,2005250,,,
12/10/88,2005750,,,
12/17/88,2024000,,,
12/24/88,2033500,,,
12/31/88,2055000,,,
1/7/89,2065750,,,
1/14/89,2069500,,,
1/21/89,2066250,,,
1/28/89,2061000,,,
2/4/89,2065500,,,
2/11/89,2074000,,,
2/18/89,2089750,,,
2/25/89,2113750,,,
3/4/89,2122750,,,
3/11/89,2137750,,,
3/18/89,2137000,,,
3/25/89,2131500,,,
4/1/89,2133250,,,
4/8/89,2121750,,,
4/15/89,2117750,,,
4/22/89,2107500,,,
4/29/89,2094250,,,
5/6/89,2087250,,,
5/13/89,2100250,,,
5/20/89,2095500,,,
5/27/89,2093500,,,
6/3/89,2100500,,,
6/10/89,2092000,,,
6/17/89,2099000,,,
6/24/89,2122750,,,
7/1/89,2126750,,,
7/8/89,2151000,,,
7/15/89,2177000,,,
7/22/89,2179000,,,
7/29/89,2191000,,,
8/5/89,2198250,,,
8/12/89,2197500,,,
8/19/89,2206500,,,
8/26/89,2207250,,,
9/2/89,2198000,,,
9/9/89,2196250,,,
9/16/89,2189750,,,
9/23/89,2206000,,,
9/30/89,2211250,,,
10/7/89,2229250,,,
10/14/89,2260250,,,
10/21/89,2271750,,,
10/28/89,2281000,,,
11/4/89,2281250,,,
11/11/89,2275750,,,
11/18/89,2274250,,,
11/25/89,2285000,,,
12/2/89,2282750,,,
12/9/89,2281250,,,
12/16/89,2282750,,,
12/23/89,2280750,,,
12/30/89,2288500,,,
1/6/90,2309000,,,
1/13/90,2322500,,,
1/20/90,2351250,,,
1/27/90,2354750,,,
2/3/90,2359000,,,
2/10/90,2352500,,,
2/17/90,2346250,,,
2/24/90,2354000,,,
3/3/90,2359250,,,
3/10/90,2363750,,,
3/17/90,2364250,,,
3/24/90,2363500,,,
3/31/90,2358500,,,
4/7/90,2354000,,,
4/14/90,2360500,,,
4/21/90,2370750,,,
4/28/90,2380250,,,
5/5/90,2393000,,,
5/12/90,2384000,,,
5/19/90,2383000,,,
5/26/90,2390000,,,
6/2/90,2398000,,,
6/9/90,2414000,,,
6/16/90,2419250,,,
6/23/90,2419250,,,
6/30/90,2428250,,,
7/7/90,2440500,,,
7/14/90,2464500,,,
7/21/90,2467000,,,
7/28/90,2471750,,,
8/4/90,2465000,,,
8/11/90,2465500,,,
8/18/90,2489500,,,
8/25/90,2509250,,,
9/1/90,2539000,,,
9/8/90,2560250,,,
9/15/90,2573750,,,
9/22/90,2583250,,,
9/29/90,2599500,,,
10/6/90,2608500,,,
10/13/90,2649000,,,
10/20/90,2685000,,,
10/27/90,2720750,,,
11/3/90,2768750,,,
11/10/90,2777750,,,
11/17/90,2846250,,,
11/24/90,2888250,,,
12/1/90,2914500,,,
12/8/90,2967250,,,
12/15/90,2964250,,,
12/22/90,2975750,,,
12/29/90,2980750,,,
1/5/91,2996250,,,
1/12/91,3028000,,,
1/19/91,3032000,,,
1/26/91,3088000,,,
2/2/91,3129500,,,
2/9/91,3158250,,,
2/16/91,3227250,,,
2/23/91,3262750,,,
3/2/91,3295000,,,
3/9/91,3334500,,,
3/16/91,3373250,,,
3/23/91,3398250,,,
3/30/91,3434500,,,
4/6/91,3461750,,,
4/13/91,3465750,,,
4/20/91,3490250,,,
4/27/91,3483250,,,
5/4/91,3491000,,,
5/11/91,3498000,,,
5/18/91,3487250,,,
5/25/91,3486750,,,
6/1/91,3486250,,,
6/8/91,3473000,,,
6/15/91,3465250,,,
6/22/91,3444500,,,
6/29/91,3403000,,,
7/6/91,3391500,,,
7/13/91,3348250,,,
7/20/91,3320000,,,
7/27/91,3307500,,,
8/3/91,3286000,,,
8/10/91,3300750,,,
8/17/91,3302250,,,
8/24/91,3295000,,,
8/31/91,3288000,,,
9/7/91,3291000,,,
9/14/91,3289250,,,
9/21/91,3293500,,,
9/28/91,3296250,,,
10/5/91,3311750,,,
10/12/91,3302250,,,
10/19/91,3308750,,,
10/26/91,3311000,,,
11/2/91,3298000,,,
11/9/91,3320750,,,
11/16/91,3319500,,,
11/23/91,3301250,,,
11/30/91,3304250,,,
12/7/91,3319250,,,
12/14/91,3341750,,,
12/21/91,3351250,,,
12/28/91,3349250,,,
1/4/92,3354750,,,
1/11/92,3339000,,,
1/18/92,3347250,,,
1/25/92,3353250,,,
2/1/92,3326000,,,
2/8/92,3320500,,,
2/15/92,3311250,,,
2/22/92,3323250,,,
2/29/92,3318000,,,
3/7/92,3310000,,,
3/14/92,3315000,,,
3/21/92,3298000,,,
3/28/92,3312000,,,
4/4/92,3335750,,,
4/11/92,3337750,,,
4/18/92,3336500,,,
4/25/92,3343750,,,
5/2/92,3347250,,,
5/9/92,3363750,,,
5/16/92,3353000,,,
5/23/92,3333000,,,
5/30/92,3331750,,,
6/6/92,3309500,,,
6/13/92,3303000,,,
6/20/92,3302750,,,
6/27/92,3289750,,,
7/4/92,3276500,,,
7/11/92,3234750,,,
7/18/92,3223250,,,
7/25/92,3217750,,,
8/1/92,3281500,,,
8/8/92,3308500,,,
8/15/92,3301500,,,
8/22/92,3269000,,,
8/29/92,3196000,,,
9/5/92,3185000,,,
9/12/92,3197750,,,
9/19/92,3199500,,,
9/26/92,3204250,,,
10/3/92,3192750,,,
10/10/92,3145500,,,
10/17/92,3117500,,,
10/24/92,3084750,,,
10/31/92,3047750,,,
11/7/92,3034000,,,
11/14/92,3003750,,,
11/21/92,2964500,,,
11/28/92,2949000,,,
12/5/92,2924250,,,
12/12/92,2885500,,,
12/19/92,2851500,,,
12/26/92,2823750,,,
1/2/93,2776500,,,
1/9/93,2749000,,,
1/16/93,2743750,,,
1/23/93,2725500,,,
1/30/93,2709000,,,
2/6/93,2696000,,,
2/13/93,2665750,,,
2/20/93,2645500,,,
2/27/93,2641000,,,
3/6/93,2650500,,,
3/13/93,2648000,,,
3/20/93,2667500,,,
3/27/93,2687500,,,
4/3/93,2699000,,,
4/10/93,2739750,,,
4/17/93,2758750,,,
4/24/93,2775500,,,
5/1/93,2780000,,,
5/8/93,2789750,,,
5/15/93,2782750,,,
5/22/93,2788750,,,
5/29/93,2786250,,,
6/5/93,2783250,,,
6/12/93,2799250,,,
6/19/93,2809500,,,
6/26/93,2812000,,,
7/3/93,2791000,,,
7/10/93,2776500,,,
7/17/93,2753750,,,
7/24/93,2767750,,,
7/31/93,2797500,,,
8/7/93,2806250,,,
8/14/93,2812500,,,
8/21/93,2817000,,,
8/28/93,2803250,,,
9/4/93,2792000,,,
9/11/93,2805250,,,
9/18/93,2814000,,,
9/25/93,2826000,,,
10/2/93,2836500,,,
10/9/93,2825250,,,
10/16/93,2819500,,,
10/23/93,2831000,,,
10/30/93,2828750,,,
11/6/93,2837250,,,
11/13/93,2825250,,,
11/20/93,2805000,,,
11/27/93,2800750,,,
12/4/93,2793000,,,
12/11/93,2783500,,,
12/18/93,2778250,,,
12/25/93,2762250,,,
1/1/94,2720000,,,
1/8/94,2709500,,,
1/15/94,2673000,,,
1/22/94,2696500,,,
1/29/94,2728750,,,
2/5/94,2743500,,,
2/12/94,2800250,,,
2/19/94,2783750,,,
2/26/94,2792500,,,
3/5/94,2796250,,,
3/12/94,2776750,,,
3/19/94,2776250,,,
3/26/94,2754500,,,
4/2/94,2742250,,,
4/9/94,2739750,,,
4/16/94,2732250,,,
4/23/94,2728500,,,
4/30/94,2738250,,,
5/7/94,2726500,,,
5/14/94,2745500,,,
5/21/94,2763250,,,
5/28/94,2752750,,,
6/4/94,2756250,,,
6/11/94,2747000,,,
6/18/94,2730000,,,
6/25/94,2720000,,,
7/2/94,2703000,,,
7/9/94,2681750,,,
7/16/94,2677250,,,
7/23/94,2668000,,,
7/30/94,2656500,,,
8/6/94,2650000,,,
8/13/94,2639750,,,
8/20/94,2642000,,,
8/27/94,2647500,,,
9/3/94,2647750,,,
9/10/94,2646250,,,
9/17/94,2641000,,,
9/24/94,2629250,,,
10/1/94,2617250,,,
10/8/94,2599250,,,
10/15/94,2594750,,,
10/22/94,2583500,,,
10/29/94,2568250,,,
11/5/94,2562500,,,
11/12/94,2539500,,,
11/19/94,2533750,,,
11/26/94,2532250,,,
12/3/94,2526000,,,
12/10/94,2521000,,,
12/17/94,2527000,,,
12/24/94,2536250,,,
12/31/94,2532750,,,
1/7/95,2527250,,,
1/14/95,2527750,,,
1/21/95,2504250,,,
1/28/95,2512500,,,
2/4/95,2516250,,,
2/11/95,2505250,,,
2/18/95,2522250,,,
2/25/95,2522500,,,
3/4/95,2526750,,,
3/11/95,2539000,,,
3/18/95,2532000,,,
3/25/95,2531250,,,
4/1/95,2522750,,,
4/8/95,2506750,,,
4/15/95,2504750,,,
4/22/95,2514500,,,
4/29/95,2528250,,,
5/6/95,2537000,,,
5/13/95,2552500,,,
5/20/95,2564250,,,
5/27/95,2573000,,,
6/3/95,2591250,,,
6/10/95,2603000,,,
6/17/95,2599750,,,
6/24/95,2606750,,,
7/1/95,2603750,,,
7/8/95,2613000,,,
7/15/95,2631500,,,
7/22/95,2632250,,,
7/29/95,2629500,,,
8/5/95,2614750,,,
8/12/95,2598500,,,
8/19/95,2601000,,,
8/26/95,2607250,,,
9/2/95,2612500,,,
9/9/95,2618500,,,
9/16/95,2627250,,,
9/23/95,2631250,,,
9/30/95,2630250,,,
10/7/95,2634000,,,
10/14/95,2643500,,,
10/21/95,2647000,,,
10/28/95,2663250,,,
11/4/95,2662750,,,
11/11/95,2659250,,,
11/18/95,2662500,,,
11/25/95,2672000,,,
12/2/95,2665500,,,
12/9/95,2654250,,,
12/16/95,2648750,,,
12/23/95,2626250,,,
12/30/95,2610000,,,
1/6/96,2590000,,,
1/13/96,2607750,,,
1/20/96,2629000,,,
1/27/96,2648750,,,
2/3/96,2699000,,,
2/10/96,2691500,,,
2/17/96,2688250,,,
2/24/96,2692750,,,
3/2/96,2677250,,,
3/9/96,2671000,,,
3/16/96,2666750,,,
3/23/96,2687500,,,
3/30/96,2684250,,,
4/6/96,2684500,,,
4/13/96,2679500,,,
4/20/96,2650000,,,
4/27/96,2633500,,,
5/4/96,2622000,,,
5/11/96,2604250,,,
5/18/96,2595250,,,
5/25/96,2590500,,,
6/1/96,2578250,,,
6/8/96,2562000,,,
6/15/96,2556000,,,
6/22/96,2546000,,,
6/29/96,2546750,,,
7/6/96,2541750,,,
7/13/96,2525500,,,
7/20/96,2511000,,,
7/27/96,2490000,,,
8/3/96,2483750,,,
8/10/96,2483000,,,
8/17/96,2483750,,,
8/24/96,2489000,,,
8/31/96,2499000,,,
9/7/96,2486750,,,
9/14/96,2484500,,,
9/21/96,2482250,,,
9/28/96,2473000,,,
10/5/96,2486250,,,
10/12/96,2470250,,,
10/19/96,2461500,,,
10/26/96,2460250,,,
11/2/96,2449250,,,
11/9/96,2462500,,,
11/16/96,2451750,,,
11/23/96,2420750,,,
11/30/96,2422750,,,
12/7/96,2425000,,,
12/14/96,2439500,,,
12/21/96,2478500,,,
12/28/96,2487750,,,
1/4/97,2504750,,,
1/11/97,2507000,,,
1/18/97,2489000,,,
1/25/97,2487750,,,
2/1/97,2450500,,,
2/8/97,2441250,,,
2/15/97,2434500,,,
2/22/97,2415000,,,
3/1/97,2406750,,,
3/8/97,2390500,,,
3/15/97,2374750,,,
3/22/97,2351750,,,
3/29/97,2342000,,,
4/5/97,2339000,,,
4/12/97,2329750,,,
4/19/97,2325250,,,
4/26/97,2324250,,,
5/3/97,2319250,,,
5/10/97,2322000,,,
5/17/97,2315000,,,
5/24/97,2301750,,,
5/31/97,2293750,,,
6/7/97,2283250,,,
6/14/97,2280500,,,
6/21/97,2287750,,,
6/28/97,2295500,,,
7/5/97,2298750,,,
7/12/97,2298000,,,
7/19/97,2289250,,,
7/26/97,2269500,,,
8/2/97,2256000,,,
8/9/97,2258000,,,
8/16/97,2263500,,,
8/23/97,2269500,,,
8/30/97,2281750,,,
9/6/97,2280500,,,
9/13/97,2258000,,,
9/20/97,2247500,,,
9/27/97,2234750,,,
10/4/97,2228250,,,
10/11/97,2231500,,,
10/18/97,2216750,,,
10/25/97,2215500,,,
11/1/97,2206000,,,
11/8/97,2204500,,,
11/15/97,2211250,,,
11/22/97,2208250,,,
11/29/97,2218500,,,
12/6/97,2224250,,,
12/13/97,2229750,,,
12/20/97,2223000,,,
12/27/97,2235250,,,
1/3/98,2270000,,,
1/10/98,2285000,,,
1/17/98,2298000,,,
1/24/98,2294000,,,
1/31/98,2251750,,,
2/7/98,2242250,,,
2/14/98,2238750,,,
2/21/98,2222000,,,
2/28/98,2224250,,,
3/7/98,2213000,,,
3/14/98,2215500,,,
3/21/98,2220250,,,
3/28/98,2221750,,,
4/4/98,2211250,,,
4/11/98,2202500,,,
4/18/98,2198250,,,
4/25/98,2182500,,,
5/2/98,2174750,,,
5/9/98,2159250,,,
5/16/98,2136250,,,
5/23/98,2131750,,,
5/30/98,2134500,,,
6/6/98,2130000,,,
6/13/98,2140250,,,
6/20/98,2153750,,,
6/27/98,2214250,,,
7/4/98,2256250,,,
7/11/98,2297250,,,
7/18/98,2335000,,,
7/25/98,2333750,,,
8/1/98,2345250,,,
8/8/98,2329000,,,
8/15/98,2296750,,,
8/22/98,2251500,,,
8/29/98,2213000,,,
9/5/98,2188500,,,
9/12/98,2183500,,,
9/19/98,2161500,,,
9/26/98,2153000,,,
10/3/98,2152000,,,
10/10/98,2146250,,,
10/17/98,2159750,,,
10/24/98,2165000,,,
10/31/98,2166500,,,
11/7/98,2173500,,,
11/14/98,2175750,,,
11/21/98,2185250,,,
11/28/98,2203750,,,
12/5/98,2214750,,,
12/12/98,2221750,,,
12/19/98,2212750,,,
12/26/98,2220250,,,
1/2/99,2236250,,,
1/9/99,2257250,,,
1/16/99,2293500,,,
1/23/99,2294250,,,
1/30/99,2283250,,,
2/6/99,2274250,,,
2/13/99,2258500,,,
2/20/99,2250500,,,
2/27/99,2240500,,,
3/6/99,2236750,,,
3/13/99,2231500,,,
3/20/99,2234000,,,
3/27/99,2227000,,,
4/3/99,2237500,,,
4/10/99,2241250,,,
4/17/99,2237000,,,
4/24/99,2237500,,,
5/1/99,2224000,,,
5/8/99,2212250,,,
5/15/99,2212750,,,
5/22/99,2220250,,,
5/29/99,2211500,,,
6/5/99,2210000,,,
6/12/99,2205750,,,
6/19/99,2195750,,,
6/26/99,2192250,,,
7/3/99,2194250,,,
7/10/99,2183250,,,
7/17/99,2194000,,,
7/24/99,2200500,,,
7/31/99,2191000,,,
8/7/99,2196250,,,
8/14/99,2183750,,,
8/21/99,2179250,,,
8/28/99,2180250,,,
9/4/99,2171500,,,
9/11/99,2168250,,,
9/18/99,2164500,,,
9/25/99,2162000,,,
10/2/99,2157500,,,
10/9/99,2143000,,,
10/16/99,2126000,,,
10/23/99,2108000,,,
10/30/99,2093750,,,
11/6/99,2092250,,,
11/13/99,2075500,,,
11/20/99,2081750,,,
11/27/99,2085750,,,
12/4/99,2084500,,,
12/11/99,2093250,,,
12/18/99,2096250,,,
12/25/99,2097250,,,
1/1/00,2099250,,,
1/8/00,2108500,,,
1/15/00,2106500,,,
1/22/00,2096250,,,
1/29/00,2111750,,,
2/5/00,2125000,,,
2/12/00,2131500,,,
2/19/00,2149250,,,
2/26/00,2147500,,,
3/4/00,2132000,,,
3/11/00,2121500,,,
3/18/00,2101250,,,
3/25/00,2079000,,,
4/1/00,2061000,,,
4/8/00,2043000,,,
4/15/00,2020750,,,
4/22/00,2012500,,,
4/29/00,2012750,,,
5/6/00,2003750,,,
5/13/00,2008750,,,
5/20/00,1999500,,,
5/27/00,1989500,,,
6/3/00,1996500,,,
6/10/00,2006000,,,
6/17/00,2016750,,,
6/24/00,2028250,,,
7/1/00,2036500,,,
7/8/00,2056250,,,
7/15/00,2076500,,,
7/22/00,2085750,,,
7/29/00,2094000,,,
8/5/00,2093250,,,
8/12/00,2090000,,,
8/19/00,2108750,,,
8/26/00,2117250,,,
9/2/00,2135500,,,
9/9/00,2143000,,,
9/16/00,2135500,,,
9/23/00,2130250,,,
9/30/00,2107250,,,
10/7/00,2105750,,,
10/14/00,2108000,,,
10/21/00,2104000,,,
10/28/00,2116250,,,
11/4/00,2110500,,,
11/11/00,2119750,,,
11/18/00,2169000,,,
11/25/00,2211250,,,
12/2/00,2241000,,,
12/9/00,2266500,,,
12/16/00,2277250,,,
12/23/00,2288500,,,
12/30/00,2325750,,,
1/6/01,2349250,,,
1/13/01,2360500,,,
1/20/01,2380250,,,
1/27/01,2395750,,,
2/3/01,2428750,,,
2/10/01,2445750,,,
2/17/01,2470000,,,
2/24/01,2486500,,,
3/3/01,2503750,,,
3/10/01,2534250,,,
3/17/01,2556500,,,
3/24/01,2576750,,,
3/31/01,2592250,,,
4/7/01,2598500,,,
4/14/01,2632750,,,
4/21/01,2670250,,,
4/28/01,2697250,,,
5/5/01,2734750,,,
5/12/01,2749250,,,
5/19/01,2769750,,,
5/26/01,2819250,,,
6/2/01,2866000,,,
6/9/01,2903000,,,
6/16/01,2933000,,,
6/23/01,2944500,,,
6/30/01,2954500,,,
7/7/01,2983250,,,
7/14/01,3005750,,,
7/21/01,3006500,,,
7/28/01,3030750,,,
8/4/01,3034750,,,
8/11/01,3058750,,,
8/18/01,3093250,,,
8/25/01,3120000,,,
9/1/01,3153500,,,
9/8/01,3171500,,,
9/15/01,3196750,,,
9/22/01,3231500,,,
9/29/01,3274500,,,
10/6/01,3333250,,,
10/13/01,3410000,,,
10/20/01,3473750,,,
10/27/01,3527500,,,
11/3/01,3573500,,,
11/10/01,3600000,,,
11/17/01,3658250,,,
11/24/01,3656500,,,
12/1/01,3657250,,,
12/8/01,3657000,,,
12/15/01,3618750,,,
12/22/01,3618250,,,
12/29/01,3582000,,,
1/5/02,3572250,,,
1/12/02,3538000,,,
1/19/02,3529500,,,
1/26/02,3550500,,,
2/2/02,3538000,,,
2/9/02,3553500,,,
2/16/02,3559250,,,
2/23/02,3554250,,,
3/2/02,3561750,,,
3/9/02,3563000,,,
3/16/02,3567500,,,
3/23/02,3582750,,,
3/30/02,3621750,,,
4/6/02,3663000,,,
4/13/02,3676000,,,
4/20/02,3695000,,,
4/27/02,3689250,,,
5/4/02,3684250,,,
5/11/02,3704000,,,
5/18/02,3709000,,,
5/25/02,3712000,,,
6/1/02,3700000,,,
6/8/02,3688000,,,
6/15/02,3665250,,,
6/22/02,3647000,,,
6/29/02,3628000,,,
7/6/02,3596250,,,
7/13/02,3569000,,,
7/20/02,3527500,,,
7/27/02,3504250,,,
8/3/02,3490250,,,
8/10/02,3487750,,,
8/17/02,3502250,,,
8/24/02,3508750,,,
8/31/02,3521500,,,
9/7/02,3533250,,,
9/14/02,3539000,,,
9/21/02,3553500,,,
9/28/02,3555000,,,
10/5/02,3576750,,,
10/12/02,3570500,,,
10/19/02,3555250,,,
10/26/02,3555750,,,
11/2/02,3540250,,,
11/9/02,3542750,,,
11/16/02,3522750,,,
11/23/02,3502000,,,
11/30/02,3463750,,,
12/7/02,3463250,,,
12/14/02,3478000,,,
12/21/02,3468250,,,
12/28/02,3482750,,,
1/4/03,3458000,,,
1/11/03,3430750,,,
1/18/03,3411250,,,
1/25/03,3414500,,,
2/1/03,3397000,,,
2/8/03,3414250,,,
2/15/03,3430750,,,
2/22/03,3437000,,,
3/1/03,3469000,,,
3/8/03,3494500,,,
3/15/03,3520750,,,
3/22/03,3542000,,,
3/29/03,3552000,,,
4/5/03,3558000,,,
4/12/03,3572500,,,
4/19/03,3594750,,,
4/26/03,3629750,,,
5/3/03,3666500,,,
5/10/03,3696000,,,
5/17/03,3706500,,,
5/24/03,3705500,,,
5/31/03,3716500,,,
6/7/03,3711000,,,
6/14/03,3705750,,,
6/21/03,3710750,,,
6/28/03,3701500,,,
7/5/03,3687750,,,
7/12/03,3663750,,,
7/19/03,3638750,,,
7/26/03,3616250,,,
8/2/03,3609750,,,
8/9/03,3609000,,,
8/16/03,3611750,,,
8/23/03,3593500,,,
8/30/03,3595250,,,
9/6/03,3595750,,,
9/13/03,3584750,,,
9/20/03,3588250,,,
9/27/03,3575750,,,
10/4/03,3568750,,,
10/11/03,3546000,,,
10/18/03,3515500,,,
10/25/03,3486250,,,
11/1/03,3450500,,,
11/8/03,3443750,,,
11/15/03,3410000,,,
11/22/03,3384000,,,
11/29/03,3360000,,,
12/6/03,3329250,,,
12/13/03,3309250,,,
12/20/03,3288500,,,
12/27/03,3270250,,,
1/3/04,3237750,,,
1/10/04,3213500,,,
1/17/04,3184750,,,
1/24/04,3155750,,,
1/31/04,3138250,,,
2/7/04,3144500,,,
2/14/04,3142500,,,
2/21/04,3130000,,,
2/28/04,3114750,,,
3/6/04,3088000,,,
3/13/04,3065250,,,
3/20/04,3058750,,,
3/27/04,3046250,,,
4/3/04,3025750,,,
4/10/04,3021250,,,
4/17/04,3012500,,,
4/24/04,3000750,,,
5/1/04,3002750,,,
5/8/04,2991750,,,
5/15/04,2978000,,,
5/22/04,2990500,,,
5/29/04,2970000,,,
6/5/04,2956250,,,
6/12/04,2959750,,,
6/19/04,2950500,,,
6/26/04,2950750,,,
7/3/04,2957000,,,
7/10/04,2922500,,,
7/17/04,2918250,,,
7/24/04,2922750,,,
7/31/04,2909250,,,
8/7/04,2926250,,,
8/14/04,2909500,,,
8/21/04,2895000,,,
8/28/04,2891500,,,
9/4/04,2879500,,,
9/11/04,2876000,,,
9/18/04,2873000,,,
9/25/04,2862750,,,
10/2/04,2844500,,,
10/9/04,2819000,,,
10/16/04,2798000,,,
10/23/04,2781750,,,
10/30/04,2772750,,,
11/6/04,2770750,,,
11/13/04,2752250,,,
11/20/04,2735000,,,
11/27/04,2734500,,,
12/4/04,2724500,,,
12/11/04,2720750,,,
12/18/04,2716500,,,
12/25/04,2719000,,,
1/1/05,2705750,,,
1/8/05,2712750,,,
1/15/05,2738250,,,
1/22/05,2722000,,,
1/29/05,2736750,,,
2/5/05,2734250,,,
2/12/05,2703250,,,
2/19/05,2693500,,,
2/26/05,2686500,,,
3/5/05,2673500,,,
3/12/05,2677250,,,
3/19/05,2664500,,,
3/26/05,2659500,,,
4/2/05,2658250,,,
4/9/05,2644500,,,
4/16/05,2630250,,,
4/23/05,2606500,,,
4/30/05,2592250,,,
5/7/05,2587000,,,
5/14/05,2589250,,,
5/21/05,2591000,,,
5/28/05,2586250,,,
6/4/05,2592500,,,
6/11/05,2600250,,,
6/18/05,2602000,,,
6/25/05,2600000,,,
7/2/05,2595500,,,
7/9/05,2591500,,,
7/16/05,2595750,,,
7/23/05,2601500,,,
7/30/05,2591000,,,
8/6/05,2591250,,,
8/13/05,2579750,,,
8/20/05,2581250,,,
8/27/05,2580750,,,
9/3/05,2578500,,,
9/10/05,2598000,,,
9/17/05,2645250,,,
9/24/05,2716500,,,
10/1/05,2783000,,,
10/8/05,2828000,,,
10/15/05,2836500,,,
10/22/05,2816250,,,
10/29/05,2794000,,,
11/5/05,2772750,,,
11/12/05,2757500,,,
11/19/05,2742500,,,
11/26/05,2701250,,,
12/3/05,2662000,,,
12/10/05,2627000,,,
12/17/05,2614000,,,
12/24/05,2634250,,,
12/31/05,2652000,,,
1/7/06,2637250,,,
1/14/06,2618750,,,
1/21/06,2580750,,,
1/28/06,2557000,,,
2/4/06,2546750,,,
2/11/06,2529500,,,
2/18/06,2522500,,,
2/25/06,2507250,,,
3/4/06,2490500,,,
3/11/06,2479750,,,
3/18/06,2471750,,,
3/25/06,2455500,,,
4/1/06,2443500,,,
4/8/06,2427750,,,
4/15/06,2415750,,,
4/22/06,2412000,,,
4/29/06,2400000,,,
5/6/06,2390250,,,
5/13/06,2384000,,,
5/20/06,2377750,,,
5/27/06,2383750,,,
6/3/06,2392750,,,
6/10/06,2400000,,,
6/17/06,2399000,,,
6/24/06,2408500,,,
7/1/06,2406250,,,
7/8/06,2426000,,,
7/15/06,2446000,,,
7/22/06,2446750,,,
7/29/06,2462000,,,
8/5/06,2458500,,,
8/12/06,2456500,,,
8/19/06,2467000,,,
8/26/06,2466250,,,
9/2/06,2463750,,,
9/9/06,2459250,,,
9/16/06,2452750,,,
9/23/06,2448500,,,
9/30/06,2441000,,,
10/7/06,2441000,,,
10/14/06,2446250,,,
10/21/06,2443250,,,
10/28/06,2446250,,,
11/4/06,2437500,,,
11/11/06,2439500,,,
11/18/06,2459000,,,
11/25/06,2476000,,,
12/2/06,2490500,,,
12/9/06,2503000,,,
12/16/06,2504750,,,
12/23/06,2487750,,,
12/30/06,2483500,,,
1/6/07,2483750,,,
1/13/07,2482250,,,
1/20/07,2508000,,,
1/27/07,2524250,,,
2/3/07,2538500,,,
2/10/07,2543500,,,
2/17/07,2562000,,,
2/24/07,2569250,,,
3/3/07,2570750,,,
3/10/07,2566750,,,
3/17/07,2539000,,,
3/24/07,2524000,,,
3/31/07,2503500,,,
4/7/07,2500000,,,
4/14/07,2505750,,,
4/21/07,2499250,,,
4/28/07,2496000,,,
5/5/07,2479000,,,
5/12/07,2460750,,,
5/19/07,2449250,,,
5/26/07,2447750,,,
6/2/07,2453500,,,
6/9/07,2458250,,,
6/16/07,2467250,,,
6/23/07,2477250,,,
6/30/07,2489500,,,
7/7/07,2509250,,,
7/14/07,2534750,,,
7/21/07,2533250,,,
7/28/07,2542250,,,
8/4/07,2534250,,,
8/11/07,2534500,,,
8/18/07,2545000,,,
8/25/07,2553000,,,
9/1/07,2561500,,,
9/8/07,2556750,,,
9/15/07,2551750,,,
9/22/07,2542000,,,
9/29/07,2530250,,,
10/6/07,2526250,,,
10/13/07,2527500,,,
10/20/07,2544500,,,
10/27/07,2561750,,,
11/3/07,2585750,,,
11/10/07,2602250,,,
11/17/07,2605000,,,
11/24/07,2616750,,,
12/1/07,2622250,,,
12/8/07,2638500,,,
12/15/07,2670500,,,
12/22/07,2700000,,,
12/29/07,2730250,,,
1/5/08,2769250,,,
1/12/08,2773000,,,
1/19/08,2777500,,,
1/26/08,2798750,,,
2/2/08,2794250,,,
2/9/08,2817750,,,
2/16/08,2834500,,,
2/23/08,2844250,,,
3/1/08,2858500,,,
3/8/08,2870750,,,
3/15/08,2885750,,,
3/22/08,2899250,,,
3/29/08,2924250,,,
4/5/08,2942750,,,
4/12/08,2952750,,,
4/19/08,2959250,,,
4/26/08,2964000,,,
5/3/08,2970000,,,
5/10/08,2985000,,,
5/17/08,2998000,,,
5/24/08,3003250,,,
5/31/08,3018750,,,
6/7/08,3022000,,,
6/14/08,3032250,,,
6/21/08,3044000,,,
6/28/08,3057750,,,
7/5/08,3083500,,,
7/12/08,3095250,,,
7/19/08,3138500,,,
7/26/08,3176250,,,
8/2/08,3230500,,,
8/9/08,3286250,,,
8/16/08,3325750,,,
8/23/08,3356500,,,
8/30/08,3390000,,,
9/6/08,3413250,,,
9/13/08,3440250,,,
9/20/08,3482000,,,
9/27/08,3521750,,,
10/4/08,3585750,,,
10/11/08,3636500,,,
10/18/08,3681000,,,
10/25/08,3731000,,,
11/1/08,3794000,,,
11/8/08,3872750,,,
11/15/08,3941000,,,
11/22/08,4009000,,,
11/29/08,4138750,,,
12/6/08,4240250,,,
12/13/08,4351000,,,
12/20/08,4464250,,,
12/27/08,4522250,,,
1/3/09,4591000,,,
1/10/09,4669750,,,
1/17/09,4748750,,,
1/24/09,4824000,,,
1/31/09,4903500,,,
2/7/09,5002750,,,
2/14/09,5106500,,,
2/21/09,5188250,,,
2/28/09,5297000,,,
3/7/09,5407750,,,
3/14/09,5512750,,,
3/21/09,5643250,,,
3/28/09,5765750,,,
4/4/09,5876750,,,
4/11/09,5984500,,,
4/18/09,6093250,,,
4/25/09,6184500,,,
5/2/09,6277500,,,
5/9/09,6374000,,,
5/16/09,6442750,,,
5/23/09,6498250,,,
5/30/09,6553000,,,
6/6/09,6550500,,,
6/13/09,6547000,,,
6/20/09,6538500,,,
6/27/09,6534250,,,
7/4/09,6444000,,,
7/11/09,6346750,,,
7/18/09,6254250,,,
7/25/09,6139000,,,
8/1/09,6130500,,,
8/8/09,6119000,,,
8/15/09,6091500,,,
8/22/09,6067250,,,
8/29/09,6032000,,,
9/5/09,6029250,,,
9/12/09,6028750,,,
9/19/09,5999250,,,
9/26/09,5984750,,,
10/3/09,5940000,,,
10/10/09,5895500,,,
10/17/09,5846500,,,
10/24/09,5794750,,,
10/31/09,5732000,,,
11/7/09,5667000,,,
11/14/09,5596000,,,
11/21/09,5542000,,,
11/28/09,5460500,,,
12/5/09,5390750,,,
12/12/09,5323000,,,
12/19/09,5225750,,,
12/26/09,5141750,,,
1/2/10,5037000,,,
1/9/10,4959000,,,
1/16/10,4886250,,,
1/23/10,4849750,,,
1/30/10,4831250,,,
2/6/10,4821000,,,
2/13/10,4822500,,,
2/20/10,4804000,,,
2/27/10,4793750,,,
3/6/10,4775750,,,
3/13/10,4759500,,,
3/20/10,4753500,,,
3/27/10,4731750,,,
4/3/10,4729000,,,
4/10/10,4728000,,,
4/17/10,4722500,,,
4/24/10,4728000,,,
5/1/10,4713000,,,
5/8/10,4703250,,,
5/15/10,4695000,,,
5/22/10,4705250,,,
5/29/10,4669750,,,
6/5/10,4649000,,,
6/12/10,4628500,,,
6/19/10,4600500,,,
6/26/10,4583250,,,
7/3/10,4582250,,,
7/10/10,4551250,,,
7/17/10,4532750,,,
7/24/10,4544000,,,
7/31/10,4505750,,,
8/7/10,4504750,,,
8/14/10,4476500,,,
8/21/10,4450750,,,
8/28/10,4461250,,,
9/4/10,4467000,,,
9/11/10,4480750,,,
9/18/10,4487250,,,
9/25/10,4467750,,,
10/2/10,4444250,,,
10/9/10,4423250,,,
10/16/10,4397250,,,
10/23/10,4372250,,,
10/30/10,4352500,,,
11/6/10,4319250,,,
11/13/10,4276250,,,
11/20/10,4248000,,,
11/27/10,4195500,,,
12/4/10,4162250,,,
12/11/10,4133750,,,
12/18/10,4107500,,,
12/25/10,4100000,,,
1/1/11,4040250,,,
1/8/11,4001500,,,
1/15/11,3966750,,,
1/22/11,3926250,,,
1/29/11,3923500,,,
2/5/11,3928750,,,
2/12/11,3895000,,,
2/19/11,3868750,,,
2/26/11,3849250,,,
3/5/11,3810250,,,
3/12/11,3793500,,,
3/19/11,3776250,,,
3/26/11,3765500,,,
4/2/11,3761500,,,
4/9/11,3756250,,,
4/16/11,3747500,,,
4/23/11,3755000,,,
4/30/11,3774500,,,
5/7/11,3783500,,,
5/14/11,3799500,,,
5/21/11,3800250,,,
5/28/11,3773750,,,
6/4/11,3764500,,,
6/11/11,3755750,,,
6/18/11,3744000,,,
6/25/11,3741750,,,
7/2/11,3737500,,,
7/9/11,3732000,,,
7/16/11,3727500,,,
7/23/11,3733000,,,
7/30/11,3718750,,,
8/6/11,3715000,,,
8/13/11,3710750,,,
8/20/11,3704250,,,
8/27/11,3716000,,,
9/3/11,3728500,,,
9/10/11,3738750,,,
9/17/11,3746750,,,
9/24/11,3742750,,,
10/1/11,3727250,,,
10/8/11,3720500,,,
10/15/11,3709750,,,
10/22/11,3707750,,,
10/29/11,3702750,,,
11/5/11,3670750,,,
11/12/11,3663750,,,
11/19/11,3673750,,,
11/26/11,3652500,,,
12/3/11,3650500,,,
12/10/11,3617250,,,
12/17/11,3579500,,,
12/24/11,3575250,,,
12/31/11,3568000,,,
1/7/12,3797000,,,
1/14/12,3646500,,,
1/21/12,3479250,,,
1/28/12,3451250,,,
2/4/12,3443750,,,
2/11/12,3406500,,,
2/18/12,3397250,,,
2/25/12,3381750,,,
3/3/12,3375750,,,
3/10/12,3373500,,,
3/17/12,3363500,,,
3/24/12,3349500,,,
3/31/12,3329250,,,
4/7/12,3322250,,,
4/14/12,3325500,,,
4/21/12,3320500,,,
4/28/12,3323000,,,
5/5/12,3323250,,,
5/12/12,3318000,,,
5/19/12,3314250,,,
5/26/12,3328000,,,
6/2/12,3328250,,,
6/9/12,3330500,,,
6/16/12,3336000,,,
6/23/12,3329500,,,
6/30/12,3323750,,,
7/7/12,3316500,,,
7/14/12,3312500,,,
7/21/12,3303750,,,
7/28/12,3305750,,,
8/4/12,3302750,,,
8/11/12,3300000,,,
8/18/12,3304000,,,
8/25/12,3306250,,,
9/1/12,3312500,,,
9/8/12,3316500,,,
9/15/12,3319000,,,
9/22/12,3315750,,,
9/29/12,3311250,,,
10/6/12,3307000,,,
10/13/12,3303500,,,
10/20/12,3297750,,,
10/27/12,3276250,,,
11/3/12,3294500,,,
11/10/12,3310000,,,
11/17/12,3320000,,,
11/24/12,3326250,,,
12/1/12,3283000,,,
12/8/12,3249250,,,
12/15/12,3212750,,,
12/22/12,3206000,,,
12/29/12,3189000,,,
1/5/13,3359250,,,
1/12/13,3239250,,,
1/19/13,3130000,,,
1/26/13,3132750,,,
2/2/13,3114750,,,
2/9/13,3108000,,,
2/16/13,3082500,,,
2/23/13,3058750,,,
3/2/13,3042750,,,
3/9/13,3028500,,,
3/16/13,3026500,,,
3/23/13,3027250,,,
3/30/13,3044500,,,
4/6/13,3057500,,,
4/13/13,3056500,,,
4/20/13,3051750,,,
4/27/13,3041500,,,
5/4/13,3033000,,,
5/11/13,3020750,,,
5/18/13,3019000,,,
5/25/13,3012250,,,
6/1/13,3001500,,,
6/8/13,3008750,,,
6/15/13,3002750,,,
6/22/13,2990250,,,
6/29/13,2991250,,,
7/6/13,3018500,,,
7/13/13,3022250,,,
7/20/13,3018500,,,
7/27/13,3020250,,,
8/3/13,2978000,,,
8/10/13,2972000,,,
8/17/13,2977250,,,
8/24/13,2958250,,,
8/31/13,2932000,,,
9/7/13,2890750,,,
9/14/13,2864500,,,
9/21/13,2869500,,,
9/28/13,2895750,,,
10/5/13,2922500,,,
10/12/13,2938000,,,
10/19/13,2932750,,,
10/26/13,2928500,,,
11/2/13,2914500,,,
11/9/13,2914500,,,
11/16/13,2890500,,,
11/23/13,2862000,,,
11/30/13,2845750,,,
12/7/13,2837500,,,
12/14/13,2854000,,,
12/21/13,2858750,,,
12/28/13,2858500,,,
1/4/14,2861250,,,
1/11/14,2862250,,,
1/18/14,2866000,,,
1/25/14,2876750,,,
2/1/14,2864000,,,
2/8/14,2852000,,,
2/15/14,2855500,,,
2/22/14,2848750,,,
3/1/14,2832500,,,
3/8/14,2821750,,,
3/15/14,2797500,,,
3/22/14,2791750,,,
3/29/14,2777250,,,
4/5/14,2755750,,,
4/12/14,2734750,,,
4/19/14,2726500,,,
4/26/14,2721000,,,
5/3/14,2714000,,,
5/10/14,2716750,,,
5/17/14,2689250,,,
5/24/14,2674000,,,
5/31/14,2658750,,,
6/7/14,2635500,,,
6/14/14,2620000,,,
6/21/14,2604250,,,
6/28/14,2588750,,,
7/5/14,2574250,,,
7/12/14,2557500,,,
7/19/14,2547250,,,
7/26/14,2533500,,,
8/2/14,2531000,,,
8/9/14,2526000,,,
8/16/14,2519750,,,
8/23/14,2509500,,,
8/30/14,2498500,,,
9/6/14,2484500,,,
9/13/14,2471500,,,
9/20/14,2462500,,,
9/27/14,2447750,,,
10/4/14,2445000,,,
10/11/14,2431000,,,
10/18/14,2428500,,,
10/25/14,2423250,,,
11/1/14,2422000,,,
11/8/14,2415750,,,
11/15/14,2394250,,,
11/22/14,2390000,,,
11/29/14,2402000,,,
12/6/14,2401250,,,
12/13/14,2408250,,,
12/20/14,2395500,,,
12/27/14,2380000,,,
1/3/15,2380000,,,
1/10/15,2385250,,,
1/17/15,2384750,,,
1/24/15,2363000,,,
1/31/15,2342000,,,
2/7/15,2328000,,,
2/14/15,2323750,,,
2/21/15,2325250,,,
2/28/15,2340250,,,
3/7/15,2344500,,,
3/14/15,2355000,,,
3/21/15,2346250,,,
3/28/15,2326500,,,
4/4/15,2304500,,,
4/11/15,2294250,,,
4/18/15,2287500,,,
4/25/15,2281500,,,
5/2/15,2278500,,,
5/9/15,2261750,,,
5/16/15,2256500,,,
5/23/15,2252000,,,
5/30/15,2260250,,,
6/6/15,2259500,,,
6/13/15,2262000,,,
6/20/15,2269250,,,
6/27/15,2273750,,,
7/4/15,2269500,,,
7/11/15,2259000,,,
7/18/15,2259500,,,
7/25/15,2244750,,,
8/1/15,2250750,,,
8/8/15,2256000,,,
8/15/15,2253250,,,
8/22/15,2253000,,,
8/29/15,2253250,,,
9/5/15,2252250,,,
9/12/15,2252000,,,
9/19/15,2247500,,,
9/26/15,2243000,,,
10/3/15,2234000,,,
10/10/15,2223750,,,
10/17/15,2213750,,,
10/24/15,2208250,,,
10/31/15,2207750,,,
11/7/15,2206500,,,
11/14/15,2204250,,,
11/21/15,2195000,,,
11/28/15,2208500,,,
12/5/15,2216750,,,
12/12/15,2218000,,,
12/19/15,2216750,,,
12/26/15,2203750,,,
1/2/16,2197750,,,
1/9/16,2197750,,,
1/16/16,2209000,,,
1/23/16,2207000,,,
1/30/16,2205000,,,
2/6/16,2210750,,,
2/13/16,2207000,,,
2/20/16,2208000,,,
2/27/16,2200500,,,
3/5/16,2198000,,,
3/12/16,2187250,,,
3/19/16,2171000,,,
3/26/16,2167250,,,
4/2/16,2154250,,,
4/9/16,2148250,,,
4/16/16,2147500,,,
4/23/16,2140500,,,
4/30/16,2148500,,,
5/7/16,2160000,,,
5/14/16,2170500,,,
5/21/16,2182750,,,
5/28/16,2169750,,,
6/4/16,2166000,,,
6/11/16,2161250,,,
6/18/16,2154750,,,
6/25/16,2156750,,,
7/2/16,2147000,,,
7/9/16,2138750,,,
7/16/16,2133750,,,
7/23/16,2132500,,,
7/30/16,2135500,,,
8/6/16,2143500,,,
8/13/16,2142750,,,
8/20/16,2146250,,,
8/27/16,2145000,,,
9/3/16,2143000,,,
9/10/16,2136250,,,
9/17/16,2123750,,,
9/24/16,2109500,,,
10/1/16,2092250,,,
10/8/16,2085000,,,
10/15/16,2077750,,,
10/22/16,2074000,,,
10/29/16,2070750,,,
11/5/16,2062000,,,
11/12/16,2056000,,,
11/19/16,2052000,,,
11/26/16,2044750,,,
12/3/16,2040500,,,
12/10/16,2036750,,,
12/17/16,2043750,,,
12/24/16,2053500,,,
12/31/16,2053250,,,
1/7/17,2065750,,,
1/14/17,2071000,,,
1/21/17,2068500,,,
1/28/17,2081000,,,
2/4/17,2077000,,,
2/11/17,2071250,,,
2/18/17,2063000,,,
2/25/17,2059750,,,
3/4/17,2048750,,,
3/11/17,2030250,,,
3/18/17,2027000,,,
3/25/17,2017500,,,
4/1/17,2010000,,,
4/8/17,2001500,,,
4/15/17,1986500,,,
4/22/17,1970250,,,
4/29/17,1946750,,,
5/6/17,1927750,,,
5/13/17,1913000,,,
5/20/17,1897500,,,
5/27/17,1896250,,,
6/3/17,1900500,,,
6/10/17,1903500,,,
6/17/17,1907250,,,
6/24/17,1916750,,,
7/1/17,1917250,,,
7/8/17,1924250,,,
7/15/17,1927750,,,
7/22/17,1927500,,,
7/29/17,1931250,,,
8/5/17,1927750,,,
8/12/17,1927000,,,
8/19/17,1927000,,,
8/26/17,1923500,,,
9/2/17,1919250,,,
9/9/17,1922500,,,
9/16/17,1908500,,,
9/23/17,1898250,,,
9/30/17,1888250,,,
10/7/17,1870750,,,
10/14/17,1878250,,,
10/21/17,1888750,,,
10/28/17,1902750,,,
11/4/17,1920250,,,
11/11/17,1930750,,,
11/18/17,1946000,,,
11/25/17,1963500,,,
12/2/17,1967000,,,
12/9/17,1977000,,,
12/16/17,1985000,,,
12/23/17,1980500,,,
12/30/17,1975500,,,
1/6/18,1972250,,,
1/13/18,1963750,,,
1/20/18,1966500,,,
1/27/18,1979500,,,
2/3/18,1985750,,,
2/10/18,1982500,,,
2/17/18,1981250,,,
2/24/18,1974250,,,
3/3/18,1965250,,,
3/10/18,1962500,,,
3/17/18,1956000,,,
3/24/18,1946000,,,
3/31/18,1941750,,,
4/7/18,1942000,,,
4/14/18,1927250,,,
4/21/18,1904750,,,
4/28/18,1877500,,,
5/5/18,1831500,,,
5/12/18,1798750,,,
5/19/18,1779750,,,
5/26/18,1755500,,,
6/2/18,1736750,,,
6/9/18,1717750,,,
6/16/18,1697750,,,
6/23/18,1681250,,,
6/30/18,1676750,,,
7/7/18,1672500,,,
7/14/18,1669500,,,
7/21/18,1657750,,,
7/28/18,1654000,,,
8/4/18,1641000,,,
8/11/18,1632500,,,
8/18/18,1627750,,,
8/25/18,1614000,,,
9/1/18,1601750,,,
9/8/18,1580000,,,
9/15/18,1564750,,,
9/22/18,1550500,,,
9/29/18,1545000,,,
10/6/18,1551750,,,
10/13/18,1562750,,,
10/20/18,1577250,,,
10/27/18,1592750,,,
11/3/18,1612000,,,
11/10/18,1631250,,,
11/17/18,1667750,,,
11/24/18,1685000,,,
12/1/18,1698000,,,
12/8/18,1718000,,,
12/15/18,1719750,,,
12/22/18,1741250,,,
12/29/18,1763500,,,
1/5/19,1775750,,,
1/12/19,1784250,,,
1/19/19,1799250,,,
1/26/19,1810000,,,
2/2/19,1828500,,,
2/9/19,1840500,,,
2/16/19,1857500,,,
2/23/19,1870500,,,
3/2/19,1876000,,,
3/9/19,1889250,,,
3/16/19,1888250,,,
3/23/19,1882500,,,
3/30/19,1865750,,,
4/6/19,1835750,,,
4/13/19,1800500,,,
4/20/19,1773250,,,
4/27/19,1753750,,,
5/4/19,1738500,,,
5/11/19,1728000,,,
5/18/19,1712250,,,
5/25/19,1696250,,,
6/1/19,1684000,,,
6/8/19,1662500,,,
6/15/19,1649750,,,
6/22/19,1630250,,,
6/29/19,1623500,,,
7/6/19,1615750,,,
7/13/19,1602250,,,
7/20/19,1591500,,,
7/27/19,1576250,,,
8/3/19,1574250,,,
8/10/19,1568250,,,
8/17/19,1567500,,,
8/24/19,1558750,,,
8/31/19,1539250,,,
9/7/19,1527750,,,
9/14/19,1508250,,,
9/21/19,1498000,,,
9/28/19,1505250,,,
10/5/19,1517750,,,
10/12/19,1545250,,,
10/19/19,1578500,,,
10/26/19,1605750,,,
11/2/19,1629250,,,
11/9/19,1655250,,,
11/16/19,1671750,,,
11/23/19,1694750,,,
11/30/19,1718750,,,
12/7/19,1742250,,,
12/14/19,1767500,,,
12/21/19,1780750,,,
12/28/19,1818500,,,
1/4/20,1841500,,,
1/11/20,1856000,,,
1/18/20,1864000,,,
1/25/20,1863500,,,
2/1/20,1855750,,,
2/8/20,1861750,,,
2/15/20,1875500,,,
2/22/20,1873750,,,
2/29/20,1883250,,,
3/7/20,1885250,,,
3/14/20,1913000,,,
3/21/20,2250000,,,
3/28/20,3779500,,,
4/4/20,6406750,,,
4/11/20,9957750,,,
4/18/20,13595500,,,
4/25/20,17032000,,,
5/2/20,19167750,,,
5/9/20,20902000,,,
5/16/20,21243000,,,
5/23/20,20604000,,,
5/30/20,20173250,,,
6/6/20,19076500,,,
6/13/20,18753250,,,
6/20/20,18330000,,,
6/27/20,17678500,,,
7/4/20,17311000,,,
7/11/20,16908750,,,
7/18/20,16733250,,,
7/25/20,16563000,,,
8/1/20,16058500,,,
8/8/20,15541750,,,
8/15/20,14819500,,,
8/22/20,14141500,,,
8/29/20,13703000,,,
9/5/20,13348250,,,
9/12/20,13041750,,,
9/19/20,12579250,,,
9/26/20,11824250,,,
10/3/20,10950500,,,
10/10/20,9885750,,,
10/17/20,8988250,,,
10/24/20,8163000,,,
10/31/20,7521750,,,
11/7/20,7000750,,,
11/14/20,6578500,,,
11/21/20,6178500,,,
11/28/20,5948250,,,
12/5/20,5765250,,,
12/12/20,5597250,,,
12/19/20,5535250,,,
12/26/20,5384500,,,
1/2/21,5314750,,,
1/9/21,5228000,,,
1/16/21,5114250,,,
1/23/21,5016250,,,
1/30/21,4848250,,,
2/6/21,4730750,,,
2/13/21,4635250,,,
2/20/21,4539500,,,
2/27/21,4431750,,,
3/6/21,4328250,,,
3/13/21,4197000,,,
3/20/21,4067250,,,
3/27/21,3975250,,,
4/3/21,3886500,,,
4/10/21,3838750,,,
4/17/21,3811000,,,
4/24/21,3788000,,,
5/1/21,3769500,,,
5/8/21,3759000,,,
5/15/21,3719500,,,
5/22/21,3671500,,,
5/29/21,3588000,,,
6/5/21,3491250,,,
6/12/21,3403750,,,
6/19/21,3325750,,,
6/26/21,3264250,,,
7/3/21,3189000,,,
7/10/21,3122250,,,
7/17/21,3046250,,,
7/24/21,2932500,,,
7/31/21,2828000,,,
8/7/21,2742000,,,
8/14/21,2659000,,,
8/21/21,2623750,,,
8/28/21,2605500,,,
9/4/21,2548750,,,
9/11/21,2522750,,,
9/18/21,2528250,,,
9/25/21,2521750,,,
10/2/21,2538500,,,
10/9/21,2515500,,,
10/16/21,2427500,,,
10/23/21,2338250,,,
10/30/21,2266250,,,
11/6/21,2183750,,,
11/13/21,2123000,,,
11/20/21,2054750,,,
11/27/21,1993500,,,
12/4/21,1931750,,,
12/11/21,1888250,,,
12/18/21,1838000,,,
12/25/21,1791500,,,
1/1/22,1769250,,,
1/8/22,1759250,,,
1/15/22,1782500,,,
1/22/22,1782250,,,
1/29/22,1781250,,,
2/5/22,1771250,,,
2/12/22,1748500,,,
2/19/22,1727250,,,
2/26/22,1722000,,,
3/5/22,1706000,,,
3/12/22,1695500,,,
3/19/22,1680250,,,
3/26/22,1653500,,,
4/2/22,1628750,,,
4/9/22,1595250,,,
4/16/22,1567750,,,
4/23/22,1534000,,,
4/30/22,1500750,,,
5/7/22,1477500,,,
5/14/22,1455250,,,
5/21/22,1430500,,,
5/28/22,1411750,,,
6/4/22,1393000,,,
6/11/22,1372500,,,
6/18/22,1357750,,,
6/25/22,1350750,,,
7/2/22,1339500,,,
7/9/22,1337250,,,
7/16/22,1331500,,,
7/23/22,1330500,,,
7/30/22,1340000,,,
8/6/22,1342250,,,
8/13/22,1345250,,,
8/20/22,1343500,,,
8/27/22,1334500,,,
9/3/22,1322500,,,
9/10/22,1312500,,,
9/17/22,1299250,,,
9/24/22,1295750,,,
10/1/22,1301500,,,
10/8/22,1315750,,,
10/15/22,1341000,,,
10/22/22,1373500,,,
10/29/22,1402000,,,
11/5/22,1429000,,,
11/12/22,1452250,,,
11/19/22,1482750,,,
11/26/22,1512500,,,
12/3/22,1549250,,,
12/10/22,1578500,,,
12/17/22,1596750,,,
12/24/22,1619750,,,
12/31/22,1630750,,,
1/7/23,1639000,,,
1/14/23,1646750,,,
1/21/23,1649250,,,
1/28/23,1660000,,,
2/4/23,1682250,,,
2/11/23,1696250,,,
2/18/23,1710750,,,
2/25/23,1734000,,,
3/4/23,1746250,,,
3/11/23,1768750,,,
3/18/23,1793500,,,
3/25/23,1804000,,,
4/1/23,1812000,,,
4/8/23,1826250,,,
4/15/23,1832750,,,
4/22/23,1827250,,,
4/29/23,1828000,,,
5/6/23,1812500,,,
5/13/23,1799000,,,
5/20/23,1797250,,,
5/27/23,1784250,,,
6/3/23,1778250,,,