DATE,DFF,,,
6/15/18,1.9,,,https://fred.stlouisfed.org/series/DFF
6/16/18,1.9,,,
6/17/18,1.9,,,
6/18/18,1.9,,,
6/19/18,1.91,,,
6/20/18,1.92,,,
6/21/18,1.92,,,
6/22/18,1.92,,,
6/23/18,1.92,,,
6/24/18,1.92,,,
6/25/18,1.92,,,
6/26/18,1.92,,,
6/27/18,1.91,,,
6/28/18,1.91,,,
6/29/18,1.91,,,
6/30/18,1.91,,,
7/1/18,1.91,,,
7/2/18,1.91,,,
7/3/18,1.91,,,
7/4/18,1.91,,,
7/5/18,1.91,,,
7/6/18,1.91,,,
7/7/18,1.91,,,
7/8/18,1.91,,,
7/9/18,1.91,,,
7/10/18,1.91,,,
7/11/18,1.91,,,
7/12/18,1.91,,,
7/13/18,1.91,,,
7/14/18,1.91,,,
7/15/18,1.91,,,
7/16/18,1.91,,,
7/17/18,1.91,,,
7/18/18,1.91,,,
7/19/18,1.91,,,
7/20/18,1.91,,,
7/21/18,1.91,,,
7/22/18,1.91,,,
7/23/18,1.91,,,
7/24/18,1.91,,,
7/25/18,1.91,,,
7/26/18,1.91,,,
7/27/18,1.91,,,
7/28/18,1.91,,,
7/29/18,1.91,,,
7/30/18,1.91,,,
7/31/18,1.91,,,
8/1/18,1.91,,,
8/2/18,1.91,,,
8/3/18,1.91,,,
8/4/18,1.91,,,
8/5/18,1.91,,,
8/6/18,1.91,,,
8/7/18,1.91,,,
8/8/18,1.91,,,
8/9/18,1.91,,,
8/10/18,1.91,,,
8/11/18,1.91,,,
8/12/18,1.91,,,
8/13/18,1.91,,,
8/14/18,1.91,,,
8/15/18,1.91,,,
8/16/18,1.92,,,
8/17/18,1.92,,,
8/18/18,1.92,,,
8/19/18,1.92,,,
8/20/18,1.92,,,
8/21/18,1.92,,,
8/22/18,1.92,,,
8/23/18,1.92,,,
8/24/18,1.92,,,
8/25/18,1.92,,,
8/26/18,1.92,,,
8/27/18,1.92,,,
8/28/18,1.92,,,
8/29/18,1.92,,,
8/30/18,1.92,,,
8/31/18,1.91,,,
9/1/18,1.91,,,
9/2/18,1.91,,,
9/3/18,1.91,,,
9/4/18,1.92,,,
9/5/18,1.92,,,
9/6/18,1.92,,,
9/7/18,1.92,,,
9/8/18,1.92,,,
9/9/18,1.92,,,
9/10/18,1.92,,,
9/11/18,1.92,,,
9/12/18,1.92,,,
9/13/18,1.92,,,
9/14/18,1.92,,,
9/15/18,1.92,,,
9/16/18,1.92,,,
9/17/18,1.92,,,
9/18/18,1.92,,,
9/19/18,1.92,,,
9/20/18,1.92,,,
9/21/18,1.92,,,
9/22/18,1.92,,,
9/23/18,1.92,,,
9/24/18,1.93,,,
9/25/18,1.93,,,
9/26/18,1.93,,,
9/27/18,2.18,,,
9/28/18,2.18,,,
9/29/18,2.18,,,
9/30/18,2.18,,,
10/1/18,2.18,,,
10/2/18,2.18,,,
10/3/18,2.18,,,
10/4/18,2.18,,,
10/5/18,2.18,,,
10/6/18,2.18,,,
10/7/18,2.18,,,
10/8/18,2.18,,,
10/9/18,2.18,,,
10/10/18,2.18,,,
10/11/18,2.18,,,
10/12/18,2.18,,,
10/13/18,2.18,,,
10/14/18,2.18,,,
10/15/18,2.18,,,
10/16/18,2.18,,,
10/17/18,2.19,,,
10/18/18,2.19,,,
10/19/18,2.19,,,
10/20/18,2.19,,,
10/21/18,2.19,,,
10/22/18,2.19,,,
10/23/18,2.2,,,
10/24/18,2.2,,,
10/25/18,2.2,,,
10/26/18,2.2,,,
10/27/18,2.2,,,
10/28/18,2.2,,,
10/29/18,2.2,,,
10/30/18,2.2,,,
10/31/18,2.2,,,
11/1/18,2.2,,,
11/2/18,2.19,,,
11/3/18,2.19,,,
11/4/18,2.19,,,
11/5/18,2.2,,,
11/6/18,2.2,,,
11/7/18,2.2,,,
11/8/18,2.2,,,
11/9/18,2.19,,,
11/10/18,2.19,,,
11/11/18,2.19,,,
11/12/18,2.19,,,
11/13/18,2.2,,,
11/14/18,2.2,,,
11/15/18,2.2,,,
11/16/18,2.2,,,
11/17/18,2.2,,,
11/18/18,2.2,,,
11/19/18,2.2,,,
11/20/18,2.2,,,
11/21/18,2.2,,,
11/22/18,2.2,,,
11/23/18,2.2,,,
11/24/18,2.2,,,
11/25/18,2.2,,,
11/26/18,2.2,,,
11/27/18,2.2,,,
11/28/18,2.2,,,
11/29/18,2.2,,,
11/30/18,2.2,,,
12/1/18,2.2,,,
12/2/18,2.2,,,
12/3/18,2.19,,,
12/4/18,2.2,,,
12/5/18,2.2,,,
12/6/18,2.2,,,
12/7/18,2.19,,,
12/8/18,2.19,,,
12/9/18,2.19,,,
12/10/18,2.2,,,
12/11/18,2.19,,,
12/12/18,2.19,,,
12/13/18,2.19,,,
12/14/18,2.19,,,
12/15/18,2.19,,,
12/16/18,2.19,,,
12/17/18,2.2,,,
12/18/18,2.2,,,
12/19/18,2.2,,,
12/20/18,2.4,,,
12/21/18,2.4,,,
12/22/18,2.4,,,
12/23/18,2.4,,,
12/24/18,2.4,,,
12/25/18,2.4,,,
12/26/18,2.4,,,
12/27/18,2.4,,,
12/28/18,2.4,,,
12/29/18,2.4,,,
12/30/18,2.4,,,
12/31/18,2.4,,,
1/1/19,2.4,,,
1/2/19,2.4,,,
1/3/19,2.4,,,
1/4/19,2.4,,,
1/5/19,2.4,,,
1/6/19,2.4,,,
1/7/19,2.4,,,
1/8/19,2.4,,,
1/9/19,2.4,,,
1/10/19,2.4,,,
1/11/19,2.4,,,
1/12/19,2.4,,,
1/13/19,2.4,,,
1/14/19,2.4,,,
1/15/19,2.4,,,
1/16/19,2.4,,,
1/17/19,2.4,,,
1/18/19,2.4,,,
1/19/19,2.4,,,
1/20/19,2.4,,,
1/21/19,2.4,,,
1/22/19,2.4,,,
1/23/19,2.4,,,
1/24/19,2.4,,,
1/25/19,2.4,,,
1/26/19,2.4,,,
1/27/19,2.4,,,
1/28/19,2.4,,,
1/29/19,2.4,,,
1/30/19,2.4,,,
1/31/19,2.4,,,
2/1/19,2.4,,,
2/2/19,2.4,,,
2/3/19,2.4,,,
2/4/19,2.4,,,
2/5/19,2.4,,,
2/6/19,2.4,,,
2/7/19,2.4,,,
2/8/19,2.4,,,
2/9/19,2.4,,,
2/10/19,2.4,,,
2/11/19,2.4,,,
2/12/19,2.4,,,
2/13/19,2.4,,,
2/14/19,2.4,,,
2/15/19,2.4,,,
2/16/19,2.4,,,
2/17/19,2.4,,,
2/18/19,2.4,,,
2/19/19,2.4,,,
2/20/19,2.4,,,
2/21/19,2.4,,,
2/22/19,2.4,,,
2/23/19,2.4,,,
2/24/19,2.4,,,
2/25/19,2.4,,,
2/26/19,2.4,,,
2/27/19,2.4,,,
2/28/19,2.4,,,
3/1/19,2.4,,,
3/2/19,2.4,,,
3/3/19,2.4,,,
3/4/19,2.4,,,
3/5/19,2.4,,,
3/6/19,2.4,,,
3/7/19,2.4,,,
3/8/19,2.4,,,
3/9/19,2.4,,,
3/10/19,2.4,,,
3/11/19,2.4,,,
3/12/19,2.4,,,
3/13/19,2.4,,,
3/14/19,2.4,,,
3/15/19,2.4,,,
3/16/19,2.4,,,
3/17/19,2.4,,,
3/18/19,2.4,,,
3/19/19,2.4,,,
3/20/19,2.41,,,
3/21/19,2.41,,,
3/22/19,2.41,,,
3/23/19,2.41,,,
3/24/19,2.41,,,
3/25/19,2.4,,,
3/26/19,2.4,,,
3/27/19,2.41,,,
3/28/19,2.41,,,
3/29/19,2.43,,,
3/30/19,2.43,,,
3/31/19,2.43,,,
4/1/19,2.41,,,
4/2/19,2.41,,,
4/3/19,2.41,,,
4/4/19,2.41,,,
4/5/19,2.41,,,
4/6/19,2.41,,,
4/7/19,2.41,,,
4/8/19,2.41,,,
4/9/19,2.41,,,
4/10/19,2.41,,,
4/11/19,2.41,,,
4/12/19,2.41,,,
4/13/19,2.41,,,
4/14/19,2.41,,,
4/15/19,2.41,,,
4/16/19,2.41,,,
4/17/19,2.42,,,
4/18/19,2.43,,,
4/19/19,2.44,,,
4/20/19,2.44,,,
4/21/19,2.44,,,
4/22/19,2.44,,,
4/23/19,2.44,,,
4/24/19,2.44,,,
4/25/19,2.44,,,
4/26/19,2.44,,,
4/27/19,2.44,,,
4/28/19,2.44,,,
4/29/19,2.45,,,
4/30/19,2.45,,,
5/1/19,2.45,,,
5/2/19,2.41,,,
5/3/19,2.4,,,
5/4/19,2.4,,,
5/5/19,2.4,,,
5/6/19,2.4,,,
5/7/19,2.4,,,
5/8/19,2.39,,,
5/9/19,2.38,,,
5/10/19,2.38,,,
5/11/19,2.38,,,
5/12/19,2.38,,,
5/13/19,2.38,,,
5/14/19,2.38,,,
5/15/19,2.4,,,
5/16/19,2.39,,,
5/17/19,2.39,,,
5/18/19,2.39,,,
5/19/19,2.39,,,
5/20/19,2.39,,,
5/21/19,2.39,,,
5/22/19,2.38,,,
5/23/19,2.38,,,
5/24/19,2.38,,,
5/25/19,2.38,,,
5/26/19,2.38,,,
5/27/19,2.38,,,
5/28/19,2.39,,,
5/29/19,2.39,,,
5/30/19,2.39,,,
5/31/19,2.4,,,
6/1/19,2.4,,,
6/2/19,2.4,,,
6/3/19,2.38,,,
6/4/19,2.38,,,
6/5/19,2.38,,,
6/6/19,2.37,,,
6/7/19,2.37,,,
6/8/19,2.37,,,
6/9/19,2.37,,,
6/10/19,2.37,,,
6/11/19,2.37,,,
6/12/19,2.37,,,
6/13/19,2.37,,,
6/14/19,2.36,,,
6/15/19,2.36,,,
6/16/19,2.36,,,
6/17/19,2.38,,,
6/18/19,2.37,,,
6/19/19,2.37,,,
6/20/19,2.37,,,
6/21/19,2.38,,,
6/22/19,2.38,,,
6/23/19,2.38,,,
6/24/19,2.38,,,
6/25/19,2.38,,,
6/26/19,2.38,,,
6/27/19,2.38,,,
6/28/19,2.4,,,
6/29/19,2.4,,,
6/30/19,2.4,,,
7/1/19,2.39,,,
7/2/19,2.4,,,
7/3/19,2.41,,,
7/4/19,2.41,,,
7/5/19,2.42,,,
7/6/19,2.42,,,
7/7/19,2.42,,,
7/8/19,2.41,,,
7/9/19,2.41,,,
7/10/19,2.41,,,
7/11/19,2.4,,,
7/12/19,2.38,,,
7/13/19,2.38,,,
7/14/19,2.38,,,
7/15/19,2.4,,,
7/16/19,2.41,,,
7/17/19,2.41,,,
7/18/19,2.41,,,
7/19/19,2.41,,,
7/20/19,2.41,,,
7/21/19,2.41,,,
7/22/19,2.4,,,
7/23/19,2.4,,,
7/24/19,2.4,,,
7/25/19,2.4,,,
7/26/19,2.4,,,
7/27/19,2.4,,,
7/28/19,2.4,,,
7/29/19,2.4,,,
7/30/19,2.39,,,
7/31/19,2.4,,,
8/1/19,2.14,,,
8/2/19,2.14,,,
8/3/19,2.14,,,
8/4/19,2.14,,,
8/5/19,2.13,,,
8/6/19,2.13,,,
8/7/19,2.12,,,
8/8/19,2.12,,,
8/9/19,2.12,,,
8/10/19,2.12,,,
8/11/19,2.12,,,
8/12/19,2.12,,,
8/13/19,2.12,,,
8/14/19,2.12,,,
8/15/19,2.13,,,
8/16/19,2.13,,,
8/17/19,2.13,,,
8/18/19,2.13,,,
8/19/19,2.13,,,
8/20/19,2.13,,,
8/21/19,2.12,,,
8/22/19,2.12,,,
8/23/19,2.12,,,
8/24/19,2.12,,,
8/25/19,2.12,,,
8/26/19,2.12,,,
8/27/19,2.12,,,
8/28/19,2.12,,,
8/29/19,2.12,,,
8/30/19,2.13,,,
8/31/19,2.13,,,
9/1/19,2.13,,,
9/2/19,2.13,,,
9/3/19,2.13,,,
9/4/19,2.13,,,
9/5/19,2.13,,,
9/6/19,2.12,,,
9/7/19,2.12,,,
9/8/19,2.12,,,
9/9/19,2.13,,,
9/10/19,2.13,,,
9/11/19,2.13,,,
9/12/19,2.13,,,
9/13/19,2.14,,,
9/14/19,2.14,,,
9/15/19,2.14,,,
9/16/19,2.25,,,
9/17/19,2.3,,,
9/18/19,2.25,,,
9/19/19,1.9,,,
9/20/19,1.9,,,
9/21/19,1.9,,,
9/22/19,1.9,,,
9/23/19,1.9,,,
9/24/19,1.9,,,
9/25/19,1.9,,,
9/26/19,1.85,,,
9/27/19,1.83,,,
9/28/19,1.83,,,
9/29/19,1.83,,,
9/30/19,1.9,,,
10/1/19,1.88,,,
10/2/19,1.85,,,
10/3/19,1.83,,,
10/4/19,1.82,,,
10/5/19,1.82,,,
10/6/19,1.82,,,
10/7/19,1.82,,,
10/8/19,1.82,,,
10/9/19,1.82,,,
10/10/19,1.82,,,
10/11/19,1.82,,,
10/12/19,1.82,,,
10/13/19,1.82,,,
10/14/19,1.82,,,
10/15/19,1.9,,,
10/16/19,1.9,,,
10/17/19,1.85,,,
10/18/19,1.85,,,
10/19/19,1.85,,,
10/20/19,1.85,,,
10/21/19,1.85,,,
10/22/19,1.85,,,
10/23/19,1.85,,,
10/24/19,1.85,,,
10/25/19,1.83,,,
10/26/19,1.83,,,
10/27/19,1.83,,,
10/28/19,1.83,,,
10/29/19,1.82,,,
10/30/19,1.82,,,
10/31/19,1.58,,,
11/1/19,1.57,,,
11/2/19,1.57,,,
11/3/19,1.57,,,
11/4/19,1.56,,,
11/5/19,1.56,,,
11/6/19,1.55,,,
11/7/19,1.55,,,
11/8/19,1.55,,,
11/9/19,1.55,,,
11/10/19,1.55,,,
11/11/19,1.55,,,
11/12/19,1.55,,,
11/13/19,1.55,,,
11/14/19,1.55,,,
11/15/19,1.55,,,
11/16/19,1.55,,,
11/17/19,1.55,,,
11/18/19,1.55,,,
11/19/19,1.55,,,
11/20/19,1.55,,,
11/21/19,1.55,,,
11/22/19,1.55,,,
11/23/19,1.55,,,
11/24/19,1.55,,,
11/25/19,1.55,,,
11/26/19,1.55,,,
11/27/19,1.55,,,
11/28/19,1.55,,,
11/29/19,1.56,,,
11/30/19,1.56,,,
12/1/19,1.56,,,
12/2/19,1.56,,,
12/3/19,1.55,,,
12/4/19,1.55,,,
12/5/19,1.55,,,
12/6/19,1.55,,,
12/7/19,1.55,,,
12/8/19,1.55,,,
12/9/19,1.55,,,
12/10/19,1.55,,,
12/11/19,1.55,,,
12/12/19,1.55,,,
12/13/19,1.55,,,
12/14/19,1.55,,,
12/15/19,1.55,,,
12/16/19,1.56,,,
12/17/19,1.55,,,
12/18/19,1.55,,,
12/19/19,1.55,,,
12/20/19,1.55,,,
12/21/19,1.55,,,
12/22/19,1.55,,,
12/23/19,1.55,,,
12/24/19,1.55,,,
12/25/19,1.55,,,
12/26/19,1.55,,,
12/27/19,1.55,,,
12/28/19,1.55,,,
12/29/19,1.55,,,
12/30/19,1.55,,,
12/31/19,1.55,,,
1/1/20,1.55,,,
1/2/20,1.55,,,
1/3/20,1.55,,,
1/4/20,1.55,,,
1/5/20,1.55,,,
1/6/20,1.55,,,
1/7/20,1.55,,,
1/8/20,1.55,,,
1/9/20,1.55,,,
1/10/20,1.54,,,
1/11/20,1.54,,,
1/12/20,1.54,,,
1/13/20,1.54,,,
1/14/20,1.54,,,
1/15/20,1.54,,,
1/16/20,1.54,,,
1/17/20,1.55,,,
1/18/20,1.55,,,
1/19/20,1.55,,,
1/20/20,1.55,,,
1/21/20,1.55,,,
1/22/20,1.55,,,
1/23/20,1.55,,,
1/24/20,1.55,,,
1/25/20,1.55,,,
1/26/20,1.55,,,
1/27/20,1.55,,,
1/28/20,1.55,,,
1/29/20,1.55,,,
1/30/20,1.6,,,
1/31/20,1.59,,,
2/1/20,1.59,,,
2/2/20,1.59,,,
2/3/20,1.59,,,
2/4/20,1.59,,,
2/5/20,1.59,,,
2/6/20,1.59,,,
2/7/20,1.58,,,
2/8/20,1.58,,,
2/9/20,1.58,,,
2/10/20,1.58,,,
2/11/20,1.58,,,
2/12/20,1.58,,,
2/13/20,1.58,,,
2/14/20,1.58,,,
2/15/20,1.58,,,
2/16/20,1.58,,,
2/17/20,1.58,,,
2/18/20,1.59,,,
2/19/20,1.59,,,
2/20/20,1.59,,,
2/21/20,1.58,,,
2/22/20,1.58,,,
2/23/20,1.58,,,
2/24/20,1.58,,,
2/25/20,1.58,,,
2/26/20,1.58,,,
2/27/20,1.58,,,
2/28/20,1.58,,,
2/29/20,1.58,,,
3/1/20,1.58,,,
3/2/20,1.59,,,
3/3/20,1.59,,,
3/4/20,1.09,,,
3/5/20,1.09,,,
3/6/20,1.09,,,
3/7/20,1.09,,,
3/8/20,1.09,,,
3/9/20,1.09,,,
3/10/20,1.09,,,
3/11/20,1.09,,,
3/12/20,1.1,,,
3/13/20,1.1,,,
3/14/20,1.1,,,
3/15/20,1.1,,,
3/16/20,0.25,,,
3/17/20,0.25,,,
3/18/20,0.25,,,
3/19/20,0.2,,,
3/20/20,0.15,,,
3/21/20,0.15,,,
3/22/20,0.15,,,
3/23/20,0.15,,,
3/24/20,0.12,,,
3/25/20,0.1,,,
3/26/20,0.1,,,
3/27/20,0.1,,,
3/28/20,0.1,,,
3/29/20,0.1,,,
3/30/20,0.09,,,
3/31/20,0.08,,,
4/1/20,0.06,,,
4/2/20,0.05,,,
4/3/20,0.05,,,
4/4/20,0.05,,,
4/5/20,0.05,,,
4/6/20,0.05,,,
4/7/20,0.05,,,
4/8/20,0.05,,,
4/9/20,0.05,,,
4/10/20,0.05,,,
4/11/20,0.05,,,
4/12/20,0.05,,,
4/13/20,0.05,,,
4/14/20,0.05,,,
4/15/20,0.05,,,
4/16/20,0.05,,,
4/17/20,0.05,,,
4/18/20,0.05,,,
4/19/20,0.05,,,
4/20/20,0.05,,,
4/21/20,0.05,,,
4/22/20,0.05,,,
4/23/20,0.04,,,
4/24/20,0.05,,,
4/25/20,0.05,,,
4/26/20,0.05,,,
4/27/20,0.04,,,
4/28/20,0.04,,,
4/29/20,0.04,,,
4/30/20,0.05,,,
5/1/20,0.05,,,
5/2/20,0.05,,,
5/3/20,0.05,,,
5/4/20,0.05,,,
5/5/20,0.05,,,
5/6/20,0.05,,,
5/7/20,0.05,,,
5/8/20,0.05,,,
5/9/20,0.05,,,
5/10/20,0.05,,,
5/11/20,0.05,,,
5/12/20,0.05,,,
5/13/20,0.05,,,
5/14/20,0.05,,,
5/15/20,0.05,,,
5/16/20,0.05,,,
5/17/20,0.05,,,
5/18/20,0.05,,,
5/19/20,0.05,,,
5/20/20,0.05,,,
5/21/20,0.05,,,
5/22/20,0.05,,,
5/23/20,0.05,,,
5/24/20,0.05,,,
5/25/20,0.05,,,
5/26/20,0.05,,,
5/27/20,0.05,,,
5/28/20,0.05,,,
5/29/20,0.05,,,
5/30/20,0.05,,,
5/31/20,0.05,,,
6/1/20,0.05,,,
6/2/20,0.06,,,
6/3/20,0.06,,,
6/4/20,0.06,,,
6/5/20,0.07,,,
6/6/20,0.07,,,
6/7/20,0.07,,,
6/8/20,0.07,,,
6/9/20,0.07,,,
6/10/20,0.08,,,
6/11/20,0.08,,,
6/12/20,0.08,,,
6/13/20,0.08,,,
6/14/20,0.08,,,
6/15/20,0.09,,,
6/16/20,0.09,,,
6/17/20,0.09,,,
6/18/20,0.09,,,
6/19/20,0.09,,,
6/20/20,0.09,,,
6/21/20,0.09,,,
6/22/20,0.08,,,
6/23/20,0.08,,,
6/24/20,0.08,,,
6/25/20,0.08,,,
6/26/20,0.08,,,
6/27/20,0.08,,,
6/28/20,0.08,,,
6/29/20,0.08,,,
6/30/20,0.08,,,
7/1/20,0.08,,,
7/2/20,0.09,,,
7/3/20,0.09,,,
7/4/20,0.09,,,
7/5/20,0.09,,,
7/6/20,0.09,,,
7/7/20,0.09,,,
7/8/20,0.09,,,
7/9/20,0.09,,,
7/10/20,0.09,,,
7/11/20,0.09,,,
7/12/20,0.09,,,
7/13/20,0.09,,,
7/14/20,0.09,,,
7/15/20,0.1,,,
7/16/20,0.1,,,
7/17/20,0.09,,,
7/18/20,0.09,,,
7/19/20,0.09,,,
7/20/20,0.1,,,
7/21/20,0.1,,,
7/22/20,0.09,,,
7/23/20,0.09,,,
7/24/20,0.09,,,
7/25/20,0.09,,,
7/26/20,0.09,,,
7/27/20,0.1,,,
7/28/20,0.1,,,
7/29/20,0.1,,,
7/30/20,0.1,,,
7/31/20,0.1,,,
8/1/20,0.1,,,
8/2/20,0.1,,,
8/3/20,0.1,,,
8/4/20,0.1,,,
8/5/20,0.1,,,
8/6/20,0.1,,,
8/7/20,0.1,,,
8/8/20,0.1,,,
8/9/20,0.1,,,
8/10/20,0.1,,,
8/11/20,0.1,,,
8/12/20,0.1,,,
8/13/20,0.1,,,
8/14/20,0.1,,,
8/15/20,0.1,,,
8/16/20,0.1,,,
8/17/20,0.1,,,
8/18/20,0.09,,,
8/19/20,0.09,,,
8/20/20,0.09,,,
8/21/20,0.09,,,
8/22/20,0.09,,,
8/23/20,0.09,,,
8/24/20,0.09,,,
8/25/20,0.09,,,
8/26/20,0.09,,,
8/27/20,0.08,,,
8/28/20,0.09,,,
8/29/20,0.09,,,
8/30/20,0.09,,,
8/31/20,0.09,,,
9/1/20,0.09,,,
9/2/20,0.09,,,
9/3/20,0.09,,,
9/4/20,0.09,,,
9/5/20,0.09,,,
9/6/20,0.09,,,
9/7/20,0.09,,,
9/8/20,0.09,,,
9/9/20,0.09,,,
9/10/20,0.09,,,
9/11/20,0.09,,,
9/12/20,0.09,,,
9/13/20,0.09,,,
9/14/20,0.09,,,
9/15/20,0.09,,,
9/16/20,0.09,,,
9/17/20,0.09,,,
9/18/20,0.09,,,
9/19/20,0.09,,,
9/20/20,0.09,,,
9/21/20,0.09,,,
9/22/20,0.09,,,
9/23/20,0.09,,,
9/24/20,0.09,,,
9/25/20,0.09,,,
9/26/20,0.09,,,
9/27/20,0.09,,,
9/28/20,0.09,,,
9/29/20,0.09,,,
9/30/20,0.09,,,
10/1/20,0.09,,,
10/2/20,0.09,,,
10/3/20,0.09,,,
10/4/20,0.09,,,
10/5/20,0.09,,,
10/6/20,0.09,,,
10/7/20,0.09,,,
10/8/20,0.09,,,
10/9/20,0.09,,,
10/10/20,0.09,,,
10/11/20,0.09,,,
10/12/20,0.09,,,
10/13/20,0.09,,,
10/14/20,0.09,,,
10/15/20,0.09,,,
10/16/20,0.09,,,
10/17/20,0.09,,,
10/18/20,0.09,,,
10/19/20,0.09,,,
10/20/20,0.09,,,
10/21/20,0.09,,,
10/22/20,0.09,,,
10/23/20,0.09,,,
10/24/20,0.09,,,
10/25/20,0.09,,,
10/26/20,0.09,,,
10/27/20,0.09,,,
10/28/20,0.09,,,
10/29/20,0.09,,,
10/30/20,0.09,,,
10/31/20,0.09,,,
11/1/20,0.09,,,
11/2/20,0.09,,,
11/3/20,0.09,,,
11/4/20,0.09,,,
11/5/20,0.09,,,
11/6/20,0.09,,,
11/7/20,0.09,,,
11/8/20,0.09,,,
11/9/20,0.09,,,
11/10/20,0.09,,,
11/11/20,0.09,,,
11/12/20,0.09,,,
11/13/20,0.09,,,
11/14/20,0.09,,,
11/15/20,0.09,,,
11/16/20,0.09,,,
11/17/20,0.09,,,
11/18/20,0.09,,,
11/19/20,0.08,,,
11/20/20,0.08,,,
11/21/20,0.08,,,
11/22/20,0.08,,,
11/23/20,0.08,,,
11/24/20,0.08,,,
11/25/20,0.08,,,
11/26/20,0.08,,,
11/27/20,0.08,,,
11/28/20,0.08,,,
11/29/20,0.08,,,
11/30/20,0.09,,,
12/1/20,0.09,,,
12/2/20,0.09,,,
12/3/20,0.09,,,
12/4/20,0.09,,,
12/5/20,0.09,,,
12/6/20,0.09,,,
12/7/20,0.09,,,
12/8/20,0.09,,,
12/9/20,0.09,,,
12/10/20,0.09,,,
12/11/20,0.09,,,
12/12/20,0.09,,,
12/13/20,0.09,,,
12/14/20,0.09,,,
12/15/20,0.09,,,
12/16/20,0.09,,,
12/17/20,0.09,,,
12/18/20,0.09,,,
12/19/20,0.09,,,
12/20/20,0.09,,,
12/21/20,0.09,,,
12/22/20,0.09,,,
12/23/20,0.09,,,
12/24/20,0.09,,,
12/25/20,0.09,,,
12/26/20,0.09,,,
12/27/20,0.09,,,
12/28/20,0.09,,,
12/29/20,0.09,,,
12/30/20,0.09,,,
12/31/20,0.09,,,
1/1/21,0.09,,,
1/2/21,0.09,,,
1/3/21,0.09,,,
1/4/21,0.09,,,
1/5/21,0.09,,,
1/6/21,0.09,,,
1/7/21,0.09,,,
1/8/21,0.09,,,
1/9/21,0.09,,,
1/10/21,0.09,,,
1/11/21,0.09,,,
1/12/21,0.09,,,
1/13/21,0.09,,,
1/14/21,0.09,,,
1/15/21,0.09,,,
1/16/21,0.09,,,
1/17/21,0.09,,,
1/18/21,0.09,,,
1/19/21,0.09,,,
1/20/21,0.09,,,
1/21/21,0.08,,,
1/22/21,0.08,,,
1/23/21,0.08,,,
1/24/21,0.08,,,
1/25/21,0.08,,,
1/26/21,0.08,,,
1/27/21,0.08,,,
1/28/21,0.07,,,
1/29/21,0.07,,,
1/30/21,0.07,,,
1/31/21,0.07,,,
2/1/21,0.08,,,
2/2/21,0.08,,,
2/3/21,0.08,,,
2/4/21,0.08,,,
2/5/21,0.08,,,
2/6/21,0.08,,,
2/7/21,0.08,,,
2/8/21,0.07,,,
2/9/21,0.08,,,
2/10/21,0.08,,,
2/11/21,0.08,,,
2/12/21,0.08,,,
2/13/21,0.08,,,
2/14/21,0.08,,,
2/15/21,0.08,,,
2/16/21,0.08,,,
2/17/21,0.08,,,
2/18/21,0.07,,,
2/19/21,0.07,,,
2/20/21,0.07,,,
2/21/21,0.07,,,
2/22/21,0.07,,,
2/23/21,0.07,,,
2/24/21,0.07,,,
2/25/21,0.07,,,
2/26/21,0.07,,,
2/27/21,0.07,,,
2/28/21,0.07,,,
3/1/21,0.07,,,
3/2/21,0.07,,,
3/3/21,0.07,,,
3/4/21,0.07,,,
3/5/21,0.07,,,
3/6/21,0.07,,,
3/7/21,0.07,,,
3/8/21,0.07,,,
3/9/21,0.07,,,
3/10/21,0.07,,,
3/11/21,0.07,,,
3/12/21,0.07,,,
3/13/21,0.07,,,
3/14/21,0.07,,,
3/15/21,0.07,,,
3/16/21,0.07,,,
3/17/21,0.07,,,
3/18/21,0.07,,,
3/19/21,0.07,,,
3/20/21,0.07,,,
3/21/21,0.07,,,
3/22/21,0.07,,,
3/23/21,0.07,,,
3/24/21,0.07,,,
3/25/21,0.07,,,
3/26/21,0.07,,,
3/27/21,0.07,,,
3/28/21,0.07,,,
3/29/21,0.07,,,
3/30/21,0.07,,,
3/31/21,0.06,,,
4/1/21,0.07,,,
4/2/21,0.07,,,
4/3/21,0.07,,,
4/4/21,0.07,,,
4/5/21,0.07,,,
4/6/21,0.07,,,
4/7/21,0.07,,,
4/8/21,0.07,,,
4/9/21,0.07,,,
4/10/21,0.07,,,
4/11/21,0.07,,,
4/12/21,0.07,,,
4/13/21,0.07,,,
4/14/21,0.07,,,
4/15/21,0.07,,,
4/16/21,0.07,,,
4/17/21,0.07,,,
4/18/21,0.07,,,
4/19/21,0.07,,,
4/20/21,0.07,,,
4/21/21,0.07,,,
4/22/21,0.07,,,
4/23/21,0.07,,,
4/24/21,0.07,,,
4/25/21,0.07,,,
4/26/21,0.07,,,
4/27/21,0.07,,,
4/28/21,0.07,,,
4/29/21,0.06,,,
4/30/21,0.05,,,
5/1/21,0.05,,,
5/2/21,0.05,,,
5/3/21,0.06,,,
5/4/21,0.06,,,
5/5/21,0.06,,,
5/6/21,0.06,,,
5/7/21,0.06,,,
5/8/21,0.06,,,
5/9/21,0.06,,,
5/10/21,0.06,,,
5/11/21,0.06,,,
5/12/21,0.06,,,
5/13/21,0.06,,,
5/14/21,0.06,,,
5/15/21,0.06,,,
5/16/21,0.06,,,
5/17/21,0.06,,,
5/18/21,0.06,,,
5/19/21,0.06,,,
5/20/21,0.06,,,
5/21/21,0.06,,,
5/22/21,0.06,,,
5/23/21,0.06,,,
5/24/21,0.06,,,
5/25/21,0.06,,,
5/26/21,0.06,,,
5/27/21,0.06,,,
5/28/21,0.05,,,
5/29/21,0.05,,,
5/30/21,0.05,,,
5/31/21,0.05,,,
6/1/21,0.06,,,
6/2/21,0.06,,,
6/3/21,0.06,,,
6/4/21,0.06,,,
6/5/21,0.06,,,
6/6/21,0.06,,,
6/7/21,0.06,,,
6/8/21,0.06,,,
6/9/21,0.06,,,
6/10/21,0.06,,,
6/11/21,0.06,,,
6/12/21,0.06,,,
6/13/21,0.06,,,
6/14/21,0.06,,,
6/15/21,0.06,,,
6/16/21,0.06,,,
6/17/21,0.1,,,
6/18/21,0.1,,,
6/19/21,0.1,,,
6/20/21,0.1,,,
6/21/21,0.1,,,
6/22/21,0.1,,,
6/23/21,0.1,,,
6/24/21,0.1,,,
6/25/21,0.1,,,
6/26/21,0.1,,,
6/27/21,0.1,,,
6/28/21,0.1,,,
6/29/21,0.1,,,
6/30/21,0.08,,,
7/1/21,0.1,,,
7/2/21,0.1,,,
7/3/21,0.1,,,
7/4/21,0.1,,,
7/5/21,0.1,,,
7/6/21,0.1,,,
7/7/21,0.1,,,
7/8/21,0.1,,,
7/9/21,0.1,,,
7/10/21,0.1,,,
7/11/21,0.1,,,
7/12/21,0.1,,,
7/13/21,0.1,,,
7/14/21,0.1,,,
7/15/21,0.1,,,
7/16/21,0.1,,,
7/17/21,0.1,,,
7/18/21,0.1,,,
7/19/21,0.1,,,
7/20/21,0.1,,,
7/21/21,0.1,,,
7/22/21,0.1,,,
7/23/21,0.1,,,
7/24/21,0.1,,,
7/25/21,0.1,,,
7/26/21,0.1,,,
7/27/21,0.1,,,
7/28/21,0.1,,,
7/29/21,0.1,,,
7/30/21,0.07,,,
7/31/21,0.07,,,
8/1/21,0.07,,,
8/2/21,0.1,,,
8/3/21,0.1,,,
8/4/21,0.1,,,
8/5/21,0.1,,,
8/6/21,0.1,,,
8/7/21,0.1,,,
8/8/21,0.1,,,
8/9/21,0.1,,,
8/10/21,0.1,,,
8/11/21,0.1,,,
8/12/21,0.1,,,
8/13/21,0.1,,,
8/14/21,0.1,,,
8/15/21,0.1,,,
8/16/21,0.1,,,
8/17/21,0.1,,,
8/18/21,0.09,,,
8/19/21,0.09,,,
8/20/21,0.09,,,
8/21/21,0.09,,,
8/22/21,0.09,,,
8/23/21,0.09,,,
8/24/21,0.09,,,
8/25/21,0.09,,,
8/26/21,0.09,,,
8/27/21,0.08,,,
8/28/21,0.08,,,
8/29/21,0.08,,,
8/30/21,0.08,,,
8/31/21,0.06,,,
9/1/21,0.08,,,
9/2/21,0.08,,,
9/3/21,0.08,,,
9/4/21,0.08,,,
9/5/21,0.08,,,
9/6/21,0.08,,,
9/7/21,0.08,,,
9/8/21,0.08,,,
9/9/21,0.08,,,
9/10/21,0.08,,,
9/11/21,0.08,,,
9/12/21,0.08,,,
9/13/21,0.08,,,
9/14/21,0.08,,,
9/15/21,0.08,,,
9/16/21,0.08,,,
9/17/21,0.08,,,
9/18/21,0.08,,,
9/19/21,0.08,,,
9/20/21,0.08,,,
9/21/21,0.08,,,
9/22/21,0.08,,,
9/23/21,0.08,,,
9/24/21,0.08,,,
9/25/21,0.08,,,
9/26/21,0.08,,,
9/27/21,0.08,,,
9/28/21,0.08,,,
9/29/21,0.08,,,
9/30/21,0.06,,,
10/1/21,0.08,,,
10/2/21,0.08,,,
10/3/21,0.08,,,
10/4/21,0.08,,,
10/5/21,0.08,,,
10/6/21,0.08,,,
10/7/21,0.08,,,
10/8/21,0.08,,,
10/9/21,0.08,,,
10/10/21,0.08,,,
10/11/21,0.08,,,
10/12/21,0.08,,,
10/13/21,0.08,,,
10/14/21,0.08,,,
10/15/21,0.08,,,
10/16/21,0.08,,,
10/17/21,0.08,,,
10/18/21,0.08,,,
10/19/21,0.08,,,
10/20/21,0.08,,,
10/21/21,0.08,,,
10/22/21,0.08,,,
10/23/21,0.08,,,
10/24/21,0.08,,,
10/25/21,0.08,,,
10/26/21,0.08,,,
10/27/21,0.08,,,
10/28/21,0.08,,,
10/29/21,0.07,,,
10/30/21,0.07,,,
10/31/21,0.07,,,
11/1/21,0.08,,,
11/2/21,0.08,,,
11/3/21,0.08,,,
11/4/21,0.08,,,
11/5/21,0.08,,,
11/6/21,0.08,,,
11/7/21,0.08,,,
11/8/21,0.08,,,
11/9/21,0.08,,,
11/10/21,0.08,,,
11/11/21,0.08,,,
11/12/21,0.08,,,
11/13/21,0.08,,,
11/14/21,0.08,,,
11/15/21,0.08,,,
11/16/21,0.08,,,
11/17/21,0.08,,,
11/18/21,0.08,,,
11/19/21,0.08,,,
11/20/21,0.08,,,
11/21/21,0.08,,,
11/22/21,0.08,,,
11/23/21,0.08,,,
11/24/21,0.08,,,
11/25/21,0.08,,,
11/26/21,0.08,,,
11/27/21,0.08,,,
11/28/21,0.08,,,
11/29/21,0.08,,,
11/30/21,0.07,,,
12/1/21,0.08,,,
12/2/21,0.08,,,
12/3/21,0.08,,,
12/4/21,0.08,,,
12/5/21,0.08,,,
12/6/21,0.08,,,
12/7/21,0.08,,,
12/8/21,0.08,,,
12/9/21,0.08,,,
12/10/21,0.08,,,
12/11/21,0.08,,,
12/12/21,0.08,,,
12/13/21,0.08,,,
12/14/21,0.08,,,
12/15/21,0.08,,,
12/16/21,0.08,,,
12/17/21,0.08,,,
12/18/21,0.08,,,
12/19/21,0.08,,,
12/20/21,0.08,,,
12/21/21,0.08,,,
12/22/21,0.08,,,
12/23/21,0.08,,,
12/24/21,0.08,,,
12/25/21,0.08,,,
12/26/21,0.08,,,
12/27/21,0.08,,,
12/28/21,0.08,,,
12/29/21,0.08,,,
12/30/21,0.08,,,
12/31/21,0.07,,,
1/1/22,0.07,,,
1/2/22,0.07,,,
1/3/22,0.08,,,
1/4/22,0.08,,,
1/5/22,0.08,,,
1/6/22,0.08,,,
1/7/22,0.08,,,
1/8/22,0.08,,,
1/9/22,0.08,,,
1/10/22,0.08,,,
1/11/22,0.08,,,
1/12/22,0.08,,,
1/13/22,0.08,,,
1/14/22,0.08,,,
1/15/22,0.08,,,
1/16/22,0.08,,,
1/17/22,0.08,,,
1/18/22,0.08,,,
1/19/22,0.08,,,
1/20/22,0.08,,,
1/21/22,0.08,,,
1/22/22,0.08,,,
1/23/22,0.08,,,
1/24/22,0.08,,,
1/25/22,0.08,,,
1/26/22,0.08,,,
1/27/22,0.08,,,
1/28/22,0.08,,,
1/29/22,0.08,,,
1/30/22,0.08,,,
1/31/22,0.08,,,
2/1/22,0.08,,,
2/2/22,0.08,,,
2/3/22,0.08,,,
2/4/22,0.08,,,
2/5/22,0.08,,,
2/6/22,0.08,,,
2/7/22,0.08,,,
2/8/22,0.08,,,
2/9/22,0.08,,,
2/10/22,0.08,,,
2/11/22,0.08,,,
2/12/22,0.08,,,
2/13/22,0.08,,,
2/14/22,0.08,,,
2/15/22,0.08,,,
2/16/22,0.08,,,
2/17/22,0.08,,,
2/18/22,0.08,,,
2/19/22,0.08,,,
2/20/22,0.08,,,
2/21/22,0.08,,,
2/22/22,0.08,,,
2/23/22,0.08,,,
2/24/22,0.08,,,
2/25/22,0.08,,,
2/26/22,0.08,,,
2/27/22,0.08,,,
2/28/22,0.08,,,
3/1/22,0.08,,,
3/2/22,0.08,,,
3/3/22,0.08,,,
3/4/22,0.08,,,
3/5/22,0.08,,,
3/6/22,0.08,,,
3/7/22,0.08,,,
3/8/22,0.08,,,
3/9/22,0.08,,,
3/10/22,0.08,,,
3/11/22,0.08,,,
3/12/22,0.08,,,
3/13/22,0.08,,,
3/14/22,0.08,,,
3/15/22,0.08,,,
3/16/22,0.08,,,
3/17/22,0.33,,,
3/18/22,0.33,,,
3/19/22,0.33,,,
3/20/22,0.33,,,
3/21/22,0.33,,,
3/22/22,0.33,,,
3/23/22,0.33,,,
3/24/22,0.33,,,
3/25/22,0.33,,,
3/26/22,0.33,,,
3/27/22,0.33,,,
3/28/22,0.33,,,
3/29/22,0.33,,,
3/30/22,0.33,,,
3/31/22,0.33,,,
4/1/22,0.33,,,
4/2/22,0.33,,,
4/3/22,0.33,,,
4/4/22,0.33,,,
4/5/22,0.33,,,
4/6/22,0.33,,,
4/7/22,0.33,,,
4/8/22,0.33,,,
4/9/22,0.33,,,
4/10/22,0.33,,,
4/11/22,0.33,,,
4/12/22,0.33,,,
4/13/22,0.33,,,
4/14/22,0.33,,,
4/15/22,0.33,,,
4/16/22,0.33,,,
4/17/22,0.33,,,
4/18/22,0.33,,,
4/19/22,0.33,,,
4/20/22,0.33,,,
4/21/22,0.33,,,
4/22/22,0.33,,,
4/23/22,0.33,,,
4/24/22,0.33,,,
4/25/22,0.33,,,
4/26/22,0.33,,,
4/27/22,0.33,,,
4/28/22,0.33,,,
4/29/22,0.33,,,
4/30/22,0.33,,,
5/1/22,0.33,,,
5/2/22,0.33,,,
5/3/22,0.33,,,
5/4/22,0.33,,,
5/5/22,0.83,,,
5/6/22,0.83,,,
5/7/22,0.83,,,
5/8/22,0.83,,,
5/9/22,0.83,,,
5/10/22,0.83,,,
5/11/22,0.83,,,
5/12/22,0.83,,,
5/13/22,0.83,,,
5/14/22,0.83,,,
5/15/22,0.83,,,
5/16/22,0.83,,,
5/17/22,0.83,,,
5/18/22,0.83,,,
5/19/22,0.83,,,
5/20/22,0.83,,,
5/21/22,0.83,,,
5/22/22,0.83,,,
5/23/22,0.83,,,
5/24/22,0.83,,,
5/25/22,0.83,,,
5/26/22,0.83,,,
5/27/22,0.83,,,
5/28/22,0.83,,,
5/29/22,0.83,,,
5/30/22,0.83,,,
5/31/22,0.83,,,
6/1/22,0.83,,,
6/2/22,0.83,,,
6/3/22,0.83,,,
6/4/22,0.83,,,
6/5/22,0.83,,,
6/6/22,0.83,,,
6/7/22,0.83,,,
6/8/22,0.83,,,
6/9/22,0.83,,,
6/10/22,0.83,,,
6/11/22,0.83,,,
6/12/22,0.83,,,
6/13/22,0.83,,,
6/14/22,0.83,,,
6/15/22,0.83,,,
6/16/22,1.58,,,
6/17/22,1.58,,,
6/18/22,1.58,,,
6/19/22,1.58,,,
6/20/22,1.58,,,
6/21/22,1.58,,,
6/22/22,1.58,,,
6/23/22,1.58,,,
6/24/22,1.58,,,
6/25/22,1.58,,,
6/26/22,1.58,,,
6/27/22,1.58,,,
6/28/22,1.58,,,
6/29/22,1.58,,,
6/30/22,1.58,,,
7/1/22,1.58,,,
7/2/22,1.58,,,
7/3/22,1.58,,,
7/4/22,1.58,,,
7/5/22,1.58,,,
7/6/22,1.58,,,
7/7/22,1.58,,,
7/8/22,1.58,,,
7/9/22,1.58,,,
7/10/22,1.58,,,
7/11/22,1.58,,,
7/12/22,1.58,,,
7/13/22,1.58,,,
7/14/22,1.58,,,
7/15/22,1.58,,,
7/16/22,1.58,,,
7/17/22,1.58,,,
7/18/22,1.58,,,
7/19/22,1.58,,,
7/20/22,1.58,,,
7/21/22,1.58,,,
7/22/22,1.58,,,
7/23/22,1.58,,,
7/24/22,1.58,,,
7/25/22,1.58,,,
7/26/22,1.58,,,
7/27/22,1.58,,,
7/28/22,2.33,,,
7/29/22,2.32,,,
7/30/22,2.32,,,
7/31/22,2.32,,,
8/1/22,2.33,,,
8/2/22,2.33,,,
8/3/22,2.33,,,
8/4/22,2.33,,,
8/5/22,2.33,,,
8/6/22,2.33,,,
8/7/22,2.33,,,
8/8/22,2.33,,,
8/9/22,2.33,,,
8/10/22,2.33,,,
8/11/22,2.33,,,
8/12/22,2.33,,,
8/13/22,2.33,,,
8/14/22,2.33,,,
8/15/22,2.33,,,
8/16/22,2.33,,,
8/17/22,2.33,,,
8/18/22,2.33,,,
8/19/22,2.33,,,
8/20/22,2.33,,,
8/21/22,2.33,,,
8/22/22,2.33,,,
8/23/22,2.33,,,
8/24/22,2.33,,,
8/25/22,2.33,,,
8/26/22,2.33,,,
8/27/22,2.33,,,
8/28/22,2.33,,,
8/29/22,2.33,,,
8/30/22,2.33,,,
8/31/22,2.33,,,
9/1/22,2.33,,,
9/2/22,2.33,,,
9/3/22,2.33,,,
9/4/22,2.33,,,
9/5/22,2.33,,,
9/6/22,2.33,,,
9/7/22,2.33,,,
9/8/22,2.33,,,
9/9/22,2.33,,,
9/10/22,2.33,,,
9/11/22,2.33,,,
9/12/22,2.33,,,
9/13/22,2.33,,,
9/14/22,2.33,,,
9/15/22,2.33,,,
9/16/22,2.33,,,
9/17/22,2.33,,,
9/18/22,2.33,,,
9/19/22,2.33,,,
9/20/22,2.33,,,
9/21/22,2.33,,,
9/22/22,3.08,,,
9/23/22,3.08,,,
9/24/22,3.08,,,
9/25/22,3.08,,,
9/26/22,3.08,,,
9/27/22,3.08,,,
9/28/22,3.08,,,
9/29/22,3.08,,,
9/30/22,3.08,,,
10/1/22,3.08,,,
10/2/22,3.08,,,
10/3/22,3.08,,,
10/4/22,3.08,,,
10/5/22,3.08,,,
10/6/22,3.08,,,
10/7/22,3.08,,,
10/8/22,3.08,,,
10/9/22,3.08,,,
10/10/22,3.08,,,
10/11/22,3.08,,,
10/12/22,3.08,,,
10/13/22,3.08,,,
10/14/22,3.08,,,
10/15/22,3.08,,,
10/16/22,3.08,,,
10/17/22,3.08,,,
10/18/22,3.08,,,
10/19/22,3.08,,,
10/20/22,3.08,,,
10/21/22,3.08,,,
10/22/22,3.08,,,
10/23/22,3.08,,,
10/24/22,3.08,,,
10/25/22,3.08,,,
10/26/22,3.08,,,
10/27/22,3.08,,,
10/28/22,3.08,,,
10/29/22,3.08,,,
10/30/22,3.08,,,
10/31/22,3.08,,,
11/1/22,3.08,,,
11/2/22,3.08,,,
11/3/22,3.83,,,
11/4/22,3.83,,,
11/5/22,3.83,,,
11/6/22,3.83,,,
11/7/22,3.83,,,
11/8/22,3.83,,,
11/9/22,3.83,,,
11/10/22,3.83,,,
11/11/22,3.83,,,
11/12/22,3.83,,,
11/13/22,3.83,,,
11/14/22,3.83,,,
11/15/22,3.83,,,
11/16/22,3.83,,,
11/17/22,3.83,,,
11/18/22,3.83,,,
11/19/22,3.83,,,
11/20/22,3.83,,,
11/21/22,3.83,,,
11/22/22,3.83,,,
11/23/22,3.83,,,
11/24/22,3.83,,,
11/25/22,3.83,,,
11/26/22,3.83,,,
11/27/22,3.83,,,
11/28/22,3.83,,,
11/29/22,3.83,,,
11/30/22,3.83,,,
12/1/22,3.83,,,
12/2/22,3.83,,,
12/3/22,3.83,,,
12/4/22,3.83,,,
12/5/22,3.83,,,
12/6/22,3.83,,,
12/7/22,3.83,,,
12/8/22,3.83,,,
12/9/22,3.83,,,
12/10/22,3.83,,,
12/11/22,3.83,,,
12/12/22,3.83,,,
12/13/22,3.83,,,
12/14/22,3.83,,,
12/15/22,4.33,,,
12/16/22,4.33,,,
12/17/22,4.33,,,
12/18/22,4.33,,,
12/19/22,4.33,,,
12/20/22,4.33,,,
12/21/22,4.33,,,
12/22/22,4.33,,,
12/23/22,4.33,,,
12/24/22,4.33,,,
12/25/22,4.33,,,
12/26/22,4.33,,,
12/27/22,4.33,,,
12/28/22,4.33,,,
12/29/22,4.33,,,
12/30/22,4.33,,,
12/31/22,4.33,,,
1/1/23,4.33,,,
1/2/23,4.33,,,
1/3/23,4.33,,,
1/4/23,4.33,,,
1/5/23,4.33,,,
1/6/23,4.33,,,
1/7/23,4.33,,,
1/8/23,4.33,,,
1/9/23,4.33,,,
1/10/23,4.33,,,
1/11/23,4.33,,,
1/12/23,4.33,,,
1/13/23,4.33,,,
1/14/23,4.33,,,
1/15/23,4.33,,,
1/16/23,4.33,,,
1/17/23,4.33,,,
1/18/23,4.33,,,
1/19/23,4.33,,,
1/20/23,4.33,,,
1/21/23,4.33,,,
1/22/23,4.33,,,
1/23/23,4.33,,,
1/24/23,4.33,,,
1/25/23,4.33,,,
1/26/23,4.33,,,
1/27/23,4.33,,,
1/28/23,4.33,,,
1/29/23,4.33,,,
1/30/23,4.33,,,
1/31/23,4.33,,,
2/1/23,4.33,,,
2/2/23,4.58,,,
2/3/23,4.58,,,
2/4/23,4.58,,,
2/5/23,4.58,,,
2/6/23,4.58,,,
2/7/23,4.58,,,
2/8/23,4.58,,,
2/9/23,4.57,,,
2/10/23,4.58,,,
2/11/23,4.58,,,
2/12/23,4.58,,,
2/13/23,4.58,,,
2/14/23,4.58,,,
2/15/23,4.58,,,
2/16/23,4.58,,,
2/17/23,4.58,,,
2/18/23,4.58,,,
2/19/23,4.58,,,
2/20/23,4.58,,,
2/21/23,4.58,,,
2/22/23,4.58,,,
2/23/23,4.58,,,
2/24/23,4.58,,,
2/25/23,4.58,,,
2/26/23,4.58,,,
2/27/23,4.57,,,
2/28/23,4.57,,,
3/1/23,4.58,,,
3/2/23,4.57,,,
3/3/23,4.57,,,
3/4/23,4.57,,,
3/5/23,4.57,,,
3/6/23,4.57,,,
3/7/23,4.57,,,
3/8/23,4.57,,,
3/9/23,4.57,,,
3/10/23,4.57,,,
3/11/23,4.57,,,
3/12/23,4.57,,,
3/13/23,4.58,,,
3/14/23,4.58,,,
3/15/23,4.58,,,
3/16/23,4.58,,,
3/17/23,4.58,,,
3/18/23,4.58,,,
3/19/23,4.58,,,
3/20/23,4.58,,,
3/21/23,4.58,,,
3/22/23,4.58,,,
3/23/23,4.83,,,
3/24/23,4.83,,,
3/25/23,4.83,,,
3/26/23,4.83,,,
3/27/23,4.83,,,
3/28/23,4.83,,,
3/29/23,4.83,,,
3/30/23,4.83,,,
3/31/23,4.83,,,
4/1/23,4.83,,,
4/2/23,4.83,,,
4/3/23,4.83,,,
4/4/23,4.83,,,
4/5/23,4.83,,,
4/6/23,4.83,,,
4/7/23,4.83,,,
4/8/23,4.83,,,
4/9/23,4.83,,,
4/10/23,4.83,,,
4/11/23,4.83,,,
4/12/23,4.83,,,
4/13/23,4.83,,,
4/14/23,4.83,,,
4/15/23,4.83,,,
4/16/23,4.83,,,
4/17/23,4.83,,,
4/18/23,4.83,,,
4/19/23,4.83,,,
4/20/23,4.83,,,
4/21/23,4.83,,,
4/22/23,4.83,,,
4/23/23,4.83,,,
4/24/23,4.83,,,
4/25/23,4.83,,,
4/26/23,4.83,,,
4/27/23,4.83,,,
4/28/23,4.83,,,
4/29/23,4.83,,,
4/30/23,4.83,,,
5/1/23,4.83,,,
5/2/23,4.83,,,
5/3/23,4.83,,,
5/4/23,5.08,,,
5/5/23,5.08,,,
5/6/23,5.08,,,
5/7/23,5.08,,,
5/8/23,5.08,,,
5/9/23,5.08,,,
5/10/23,5.08,,,
5/11/23,5.08,,,
5/12/23,5.08,,,
5/13/23,5.08,,,
5/14/23,5.08,,,
5/15/23,5.08,,,
5/16/23,5.08,,,
5/17/23,5.08,,,
5/18/23,5.08,,,
5/19/23,5.08,,,
5/20/23,5.08,,,
5/21/23,5.08,,,
5/22/23,5.08,,,
5/23/23,5.08,,,
5/24/23,5.08,,,
5/25/23,5.08,,,
5/26/23,5.08,,,
5/27/23,5.08,,,
5/28/23,5.08,,,
5/29/23,5.08,,,
5/30/23,5.08,,,
5/31/23,5.08,,,
6/1/23,5.08,,,
6/2/23,5.08,,,
6/3/23,5.08,,,
6/4/23,5.08,,,
6/5/23,5.08,,,
6/6/23,5.08,,,
6/7/23,5.08,,,
6/8/23,5.08,,,
6/9/23,5.08,,,
6/10/23,5.08,,,
6/11/23,5.08,,,
6/12/23,5.08,,,
6/13/23,5.08,,,
6/14/23,5.08,,,
6/15/23,5.07,,,